accuracy,latency,energy,avg energy edge (J),avg latency edge (ms),avg latency cloud (ms),avg latency transfer (ms),avg energy cloud (J),avg energy cloud gpu (J),utilization cloud cpu (%),utilization cloud gpu (%),utilization edge cpu (%),tensor size (KB),index,qos,strategy,cpu-freq,layer,edge-accelerator,server-accelerator
0.605,94.045685329,66.86576654224883,0.4223537614871144,9.135056833,73.799887,11.110741495999989,66.44341278076172,4.767790794372559,1.7000000476837158,4.526999950408936,84.2,588.025390625,0,94.7906709776648,cloud,1800,0,off,True
0.605,96.290614144,67.63268165558156,0.4008014675932765,10.72731782,74.703337,10.859959323999988,67.23188018798828,4.819263935089111,1.7000000476837158,4.500999927520752,93.8,588.025390625,0,94.7906709776648,latency,1200,0,off,True
0.605,95.300056673,67.01848585577604,0.3954542395650983,10.815018865,73.977872,10.507165807999982,66.62303161621094,4.777544975280762,1.7000000476837158,4.539999961853027,93.6,588.025390625,0,94.7906709776648,splinter:latency,1200,0,off,True
0.603,436.007522162,2.920772029774225,2.920772029774225,436.007513199,0.0,0.0,0.0,0.0,0.0,0.0,35.6,0.0,0,94.7906709776648,edge,1800,22,max,False
0.603,443.560717463,2.9531821117586734,2.9531821117586734,443.560706278,0.0,0.0,0.0,0.0,0.0,0.0,35.3,0.0,0,94.7906709776648,energy,800,22,std,False
0.605,105.256892875,67.26786565859801,0.5010962494183183,20.914033413,73.570521,10.772338462000008,66.76676940917969,4.74495792388916,1.7000000476837158,4.539999961853027,86.9,588.025390625,1,4286.694420455027,cloud,1800,0,off,True
0.603,434.058237316,2.9518474832070822,2.9518474832070822,434.058227945,0.0,0.0,0.0,0.0,0.0,0.0,35.6,0.0,1,4286.694420455027,edge,1800,22,max,False
0.603,438.019788289,2.604209135391605,2.604209135391605,438.019778086,0.0,0.0,0.0,0.0,0.0,0.0,20.0,0.0,1,4286.694420455027,energy,800,22,std,False
0.605,93.835480307,66.14655846728041,0.3021370805616617,10.706089174,72.912861,10.216530132999992,65.84442138671875,4.707767963409424,1.7000000476837158,4.572000026702881,95.3,588.025390625,1,4286.694420455027,latency,1200,0,off,True
0.603,442.874997692,2.2264475264917136,2.2264475264917136,442.874980859,0.0,0.0,0.0,0.0,0.0,0.0,20.6,0.0,1,4286.694420455027,splinter:latency,800,22,std,False
0.605,93.751817471,67.35520870996125,0.3312142641604662,9.416052864,73.962725,10.373039606999995,67.02399444580078,4.767580986022949,1.7000000476837158,4.552000045776367,81.3,588.025390625,2,1532.6243226141037,cloud,1800,0,off,True
0.603,434.298501682,2.406616871244776,2.406616871244776,434.298491645,0.0,0.0,0.0,0.0,0.0,0.0,12.7,0.0,2,1532.6243226141037,energy,800,22,std,False
0.605,94.850696503,67.1743631439844,0.3036432343164205,10.732287561,73.862604,10.255804941999996,66.87071990966797,4.737542152404785,1.7000000476837158,4.546000003814697,94.1,588.025390625,2,1532.6243226141037,latency,1200,0,off,True
0.603,442.385093132,2.22193290909009,2.22193290909009,442.3850798360001,0.0,0.0,0.0,0.0,0.0,0.0,20.7,0.0,2,1532.6243226141037,splinter:latency,800,22,std,False
0.605,96.117093376,67.24783671117375,0.3392215988690615,10.542495282,74.306502,11.268096094,66.90861511230469,4.788536071777344,1.7000000476837158,4.527999877929688,81.6,588.025390625,3,2738.347089400668,cloud,1800,0,off,True
0.605,96.691392732,67.54083993525299,0.4196851500967383,10.723268922,74.637925,11.33019881,67.12115478515625,4.815327167510986,1.7000000476837158,4.51200008392334,95.3,588.025390625,3,2738.347089400668,latency,1200,0,off,True
0.603,443.554665246,2.225228493989134,2.225228493989134,443.554651931,0.0,0.0,0.0,0.0,0.0,0.0,20.7,0.0,3,2738.347089400668,splinter:latency,800,22,std,False
0.605,95.553873363,67.26346399026473,0.3361110849912881,10.114416447,74.502766,10.936690916000018,66.92735290527344,4.801608085632324,1.7000000476837158,4.51800012588501,75.3,588.025390625,4,641.439097226919,cloud,1800,0,off,True
0.603,425.774415018,2.411087918724776,2.411087918724776,425.774403426,0.0,0.0,0.0,0.0,0.0,0.0,13.0,0.0,4,641.439097226919,edge,1800,22,max,False
0.603,433.437489654,2.404242261145258,2.404242261145258,433.437479877,0.0,0.0,0.0,0.0,0.0,0.0,12.4,0.0,4,641.439097226919,energy,800,22,std,False
0.605,118.204150184,67.22412758826492,0.373595056526637,10.68564338,74.109271,33.40923580399999,66.85053253173828,4.775056838989258,1.7000000476837158,4.53000020980835,94.6,588.025390625,4,641.439097226919,latency,1200,0,off,True
0.603,443.405122331,2.2264865593508123,2.2264865593508123,443.40510946100005,0.0,0.0,0.0,0.0,0.0,0.0,20.7,0.0,4,641.439097226919,splinter:latency,800,22,std,False
0.605,97.513312867,67.81790472173887,0.3430512061138749,10.564985417,74.520406,12.42792145,67.474853515625,4.801770210266113,1.7000000476837158,4.506999969482422,87.8,588.025390625,5,4115.060522719543,cloud,1800,0,off,True
0.603,425.268419311,2.4099241072709323,2.4099241072709323,425.268409367,0.0,0.0,0.0,0.0,0.0,0.0,12.7,0.0,5,4115.060522719543,edge,1800,22,max,False
0.603,433.587820724,2.406632546365988,2.406632546365988,433.587811169,0.0,0.0,0.0,0.0,0.0,0.0,12.4,0.0,5,4115.060522719543,energy,800,22,std,False
0.605,105.519798817,67.16563313350635,0.335104874229002,20.911113717,74.176484,10.4322011,66.83052825927734,4.783023834228516,1.7000000476837158,4.521999835968018,94.2,588.025390625,5,4115.060522719543,latency,1200,0,off,True
0.603,443.064371503,2.225107337348282,2.225107337348282,443.064358688,0.0,0.0,0.0,0.0,0.0,0.0,20.6,0.0,5,4115.060522719543,splinter:latency,800,22,std,False
0.605,97.707125314,67.40319285398006,0.3440803051519394,9.445850089,73.754115,14.507160224999993,67.05911254882812,4.758969783782959,1.7999999523162842,4.533999919891357,82.0,588.025390625,6,1203.305802680872,cloud,1800,0,off,True
0.603,425.334697517,2.4038225493700978,2.4038225493700978,425.334687202,0.0,0.0,0.0,0.0,0.0,0.0,12.7,0.0,6,1203.305802680872,edge,1800,22,max,False
0.603,433.810507434,2.403819092711687,2.403819092711687,433.810496971,0.0,0.0,0.0,0.0,0.0,0.0,12.6,0.0,6,1203.305802680872,energy,800,22,std,False
0.605,98.628030579,67.33965533149727,0.3147911347199201,10.880165045,74.640236,13.107629533999996,67.02486419677734,4.81505823135376,1.7000000476837158,4.485000133514404,94.7,588.025390625,6,1203.305802680872,latency,1200,0,off,True
0.603,443.835434279,2.2260364534436823,2.2260364534436823,443.835421612,0.0,0.0,0.0,0.0,0.0,0.0,20.7,0.0,6,1203.305802680872,splinter:latency,800,22,std,False
0.605,92.772982372,66.69620273812552,0.3256506751372456,8.792337526,73.548282,10.43236284599999,66.37055206298828,4.753966808319092,1.7000000476837158,4.550000190734863,87.9,588.025390625,7,1290.340507350371,cloud,1800,0,off,True
0.603,425.679182611,2.4038516514132025,2.4038516514132025,425.679172814,0.0,0.0,0.0,0.0,0.0,0.0,12.7,0.0,7,1290.340507350371,edge,1800,22,max,False
0.603,433.471188059,2.40004747221446,2.40004747221446,433.471178152,0.0,0.0,0.0,0.0,0.0,0.0,12.7,0.0,7,1290.340507350371,energy,800,22,std,False
0.605,96.212539189,67.05005577786744,0.3067391274768233,10.750869397,74.302434,11.15923579199999,66.74331665039062,4.79813289642334,1.7000000476837158,4.53000020980835,94.3,588.025390625,7,1290.340507350371,latency,1200,0,off,True
0.603,443.869677211,2.2240317164316297,2.2240317164316297,443.869664155,0.0,0.0,0.0,0.0,0.0,0.0,20.7,0.0,7,1290.340507350371,splinter:latency,800,22,std,False
0.605,93.464289206,66.8566003755509,0.3299585298477769,9.272832587,73.531957,10.659499619000002,66.52664184570312,4.751430988311768,1.7000000476837158,4.552999973297119,83.6,588.025390625,8,2813.4749688531188,cloud,1800,0,off,True
0.603,425.21019566,2.400016424701833,2.400016424701833,425.210186993,0.0,0.0,0.0,0.0,0.0,0.0,12.7,0.0,8,2813.4749688531188,edge,1800,22,max,False
0.603,434.27104907,2.4025387694076064,2.4025387694076064,434.271039552,0.0,0.0,0.0,0.0,0.0,0.0,12.5,0.0,8,2813.4749688531188,energy,800,22,std,False
0.605,99.11435304,68.30941040950448,0.3155368133130669,12.322805601,75.061963,11.729584439000009,67.9938735961914,4.832541942596436,1.7000000476837158,4.488999843597412,81.9,588.025390625,8,2813.4749688531188,latency,1200,0,off,True
0.603,443.371628237,2.223466935745704,2.223466935745704,443.371615145,0.0,0.0,0.0,0.0,0.0,0.0,20.7,0.0,8,2813.4749688531188,splinter:latency,800,22,std,False
0.605,94.032849479,67.3111974244761,0.3308965211557865,8.804230514,74.561664,10.666954965000016,66.98030090332031,4.798279762268066,1.7000000476837158,4.508999824523926,87.3,588.025390625,9,2262.996772178989,cloud,1800,0,off,True
0.603,426.483446593,2.418066096475387,2.418066096475387,426.483437056,0.0,0.0,0.0,0.0,0.0,0.0,13.3,0.0,9,2262.996772178989,edge,1800,22,max,False
0.603,434.318411735,2.413908551651025,2.413908551651025,434.318401383,0.0,0.0,0.0,0.0,0.0,0.0,13.0,0.0,9,2262.996772178989,energy,800,22,std,False
0.605,94.842771551,66.3252832509671,0.3039667226467847,10.681338932,73.633186,10.528246619,66.02131652832031,4.741799831390381,1.7000000476837158,4.544000148773193,96.0,588.025390625,9,2262.996772178989,latency,1200,0,off,True
0.603,443.530712889,2.2284979989234213,2.2284979989234213,443.530699759,0.0,0.0,0.0,0.0,0.0,0.0,20.8,0.0,9,2262.996772178989,splinter:latency,800,22,std,False
0.605,95.084754565,68.61326132119383,0.3352843314477324,8.945184043,75.396538,10.743032521999991,68.2779769897461,4.844096183776856,1.7000000476837158,4.4710001945495605,88.4,588.025390625,10,775.1108850558755,cloud,1800,0,off,True
0.603,426.096343252,2.4114865137445567,2.4114865137445567,426.09633353,0.0,0.0,0.0,0.0,0.0,0.0,12.7,0.0,10,775.1108850558755,edge,1800,22,max,False
0.603,433.871270847,2.4083390094180226,2.4083390094180226,433.871260532,0.0,0.0,0.0,0.0,0.0,0.0,12.4,0.0,10,775.1108850558755,energy,800,22,std,False
0.605,94.927119987,66.8786657585711,0.3045461907000065,10.729738123,73.522878,10.674503863999988,66.5741195678711,4.730969905853272,1.7000000476837158,4.541999816894531,94.2,588.025390625,10,775.1108850558755,latency,1200,0,off,True
0.603,442.791593905,2.224250387969148,2.224250387969148,442.791580479,0.0,0.0,0.0,0.0,0.0,0.0,20.7,0.0,10,775.1108850558755,splinter:latency,800,22,std,False
0.605,95.002917568,67.98236073532122,0.3347929862977862,9.350100871,75.029233,10.623583697,67.64756774902344,4.815903186798096,1.7000000476837158,4.47599983215332,82.7,588.025390625,11,139.23946152965215,cloud,1800,0,off,True
0.603,426.359101527,2.404140990194559,2.404140990194559,426.359091657,0.0,0.0,0.0,0.0,0.0,0.0,13.3,0.0,11,139.23946152965215,edge,1800,22,max,False
0.603,434.260499585,2.409649661929607,2.409649661929607,434.260489474,0.0,0.0,0.0,0.0,0.0,0.0,12.7,0.0,11,139.23946152965215,energy,800,22,std,False
0.603,426.274894506,2.406173069327211,2.406173069327211,426.274885358,0.0,0.0,0.0,0.0,0.0,0.0,13.2,0.0,2,1532.6243226141037,edge,1800,22,max,False
0.603,426.223953804,2.4178327867120384,2.4178327867120384,426.223944064,0.0,0.0,0.0,0.0,0.0,0.0,13.0,0.0,3,2738.347089400668,edge,1800,22,max,False
0.603,434.528850674,2.4163368350146293,2.4163368350146293,434.528838859,0.0,0.0,0.0,0.0,0.0,0.0,13.0,0.0,3,2738.347089400668,energy,800,22,std,False
0.605,106.688083025,73.01233940690263,0.3395870265315294,10.84952759,78.0215,17.817055435000015,72.6727523803711,4.968887805938721,1.7000000476837158,4.322999954223633,93.5,588.025390625,11,139.23946152965215,latency,1200,0,off,True
0.609,128.104275234,69.80701781243505,0.667560109798324,49.790659934,74.920091,3.39352430000001,69.13945770263672,4.471767902374268,1.7000000476837158,0.9959999918937684,29.4,98.0244140625,11,139.23946152965215,splinter:latency,1600,17,max,True
0.605,97.840725684,73.06318796851993,0.3441861985003949,8.780218648,78.456709,10.603798036,72.71900177001953,5.006910800933838,1.7000000476837158,4.296999931335449,88.2,588.025390625,12,1117.4684480453138,cloud,1800,0,off,True
0.603,426.52849143300006,2.413522761879181,2.413522761879181,426.528482507,0.0,0.0,0.0,0.0,0.0,0.0,13.2,0.0,12,1117.4684480453138,edge,1800,22,max,False
0.603,433.691677035,2.409216009844816,2.409216009844816,433.691667998,0.0,0.0,0.0,0.0,0.0,0.0,12.7,0.0,12,1117.4684480453138,energy,800,22,std,False
0.605,103.713460873,73.43036582366281,0.3306954135065555,10.778394616,78.815344,14.119722257000006,73.09967041015625,5.028741836547852,1.7000000476837158,4.298999786376953,94.0,588.025390625,12,1117.4684480453138,latency,1200,0,off,True
0.603,444.509599926,2.232821098768699,2.232821098768699,444.509586518,0.0,0.0,0.0,0.0,0.0,0.0,20.9,0.0,12,1117.4684480453138,splinter:latency,800,22,std,False
0.605,98.265086998,73.03749263622898,0.3447970185531974,9.30122414,78.104799,10.859063858,72.69269561767578,4.981354236602783,1.7000000476837158,4.320000171661377,83.0,588.025390625,13,314.1531076047635,cloud,1800,0,off,True
0.603,426.093382727,2.4174375905367134,2.4174375905367134,426.093373005,0.0,0.0,0.0,0.0,0.0,0.0,13.4,0.0,13,314.1531076047635,edge,1800,22,max,False
0.603,434.218136494,2.413974688428736,2.413974688428736,434.218127068,0.0,0.0,0.0,0.0,0.0,0.0,13.0,0.0,13,314.1531076047635,energy,800,22,std,False
0.605,100.199536615,73.71036446769945,0.3197013207267999,10.729045436,79.072547,10.397944178999992,73.39066314697266,5.049831867218018,1.7000000476837158,4.277999877929688,94.6,588.025390625,13,314.1531076047635,latency,1200,0,off,True
0.609,129.745646593,71.48749845507494,0.6762496757780672,49.808816565,76.324563,3.612267028000005,70.81124877929688,4.5565361976623535,1.7000000476837158,0.9950000047683716,29.4,98.0244140625,13,314.1531076047635,splinter:latency,1600,17,max,True
0.605,99.007959147,73.72209659702297,0.348088418312037,8.834085378000001,79.009482,11.164391768999993,73.37400817871094,5.038610935211182,1.7000000476837158,4.269999980926514,88.0,588.025390625,14,395.4955854322002,cloud,1800,0,off,True
0.603,425.720661693,2.407980802773023,2.407980802773023,425.720651341,0.0,0.0,0.0,0.0,0.0,0.0,12.7,0.0,14,395.4955854322002,edge,1800,22,max,False
0.603,433.692948613,2.4064434206676726,2.4064434206676726,433.692936391,0.0,0.0,0.0,0.0,0.0,0.0,12.7,0.0,14,395.4955854322002,energy,800,22,std,False
0.605,100.679524,73.63262092918312,0.3206855043784261,10.64349005,79.480104,10.555929950000008,73.31193542480469,5.067608833312988,1.600000023841858,4.235000133514404,95.8,588.025390625,14,395.4955854322002,latency,1200,0,off,True
0.609,130.053611857,71.15955373701634,0.6780855363327503,49.860826786,76.402353,3.790432070999998,70.4814682006836,4.560983180999756,1.7000000476837158,0.996999979019165,29.1,98.0244140625,14,395.4955854322002,splinter:latency,1600,17,max,True
0.605,99.054884649,73.62600512637722,0.3489894403420686,10.546871758,78.655979,9.852033891000003,73.27701568603516,5.017693996429443,1.7000000476837158,4.289999961853027,76.6,588.025390625,15,90.60000000000012,cloud,1800,0,off,True
0.603,426.636117842,2.4163769367831462,2.4163769367831462,426.636108009,0.0,0.0,0.0,0.0,0.0,0.0,13.1,0.0,15,90.60000000000012,edge,1800,22,max,False
0.603,433.844314214,2.408575147595632,2.408575147595632,433.844304788,0.0,0.0,0.0,0.0,0.0,0.0,12.4,0.0,15,90.60000000000012,energy,800,22,std,False
0.605,110.314517711,73.26061074032249,0.3490430523342132,20.927106911,78.860347,10.527063799999992,72.91156768798828,5.017128944396973,1.7000000476837158,4.285999774932861,93.8,588.025390625,15,90.60000000000012,latency,1200,0,off,True
0.605,108.579257157,71.96432851163387,0.3429524740362167,20.917589081,77.381407,10.280261076000002,71.62137603759766,4.945127964019775,1.7000000476837158,4.366000175476074,93.8,588.025390625,15,90.60000000000012,splinter:latency,1200,0,off,True
0.605,98.917461728,73.44370755554877,0.3461886346503257,8.697258678999999,78.632756,11.587447049000003,73.09751892089844,5.0083489418029785,1.7000000476837158,4.289999961853027,88.9,588.025390625,16,290.2637757152884,cloud,1800,0,off,True
0.603,425.701829935,2.409196600279105,2.409196600279105,425.701820213,0.0,0.0,0.0,0.0,0.0,0.0,12.9,0.0,16,290.2637757152884,edge,1800,22,max,False
0.603,434.391642332,2.416783923305392,2.416783923305392,434.391633036,0.0,0.0,0.0,0.0,0.0,0.0,13.0,0.0,16,290.2637757152884,energy,800,22,std,False
0.605,99.023725762,72.83835025606069,0.3163318234435081,10.656519049,77.989273,10.377933713000004,72.52201843261719,4.974580764770508,1.7000000476837158,4.328000068664551,94.9,588.025390625,16,290.2637757152884,latency,1200,0,off,True
0.603,425.562933019,2.4205735748996258,2.4205735748996258,425.56292363,0.0,0.0,0.0,0.0,0.0,0.0,12.9,0.0,17,638.157799522766,edge,1800,22,max,False
0.603,434.064658455,2.409671065664172,2.409671065664172,434.064646659,0.0,0.0,0.0,0.0,0.0,0.0,12.4,0.0,17,638.157799522766,energy,800,22,std,False
0.603,444.160377957,2.235124618041062,2.235124618041062,444.160364254,0.0,0.0,0.0,0.0,0.0,0.0,20.7,0.0,17,638.157799522766,splinter:latency,800,22,std,False
0.603,425.651903764,2.41952878921752,2.41952878921752,425.651895079,0.0,0.0,0.0,0.0,0.0,0.0,12.7,0.0,18,4292.107363380819,edge,1800,22,max,False
0.603,434.141927397,2.409372158169257,2.409372158169257,434.141917952,0.0,0.0,0.0,0.0,0.0,0.0,12.4,0.0,18,4292.107363380819,energy,800,22,std,False
0.605,99.957447546,67.13418827315003,0.4634576823297143,9.952229959,73.933786,16.071431587000006,66.67073059082031,4.77443790435791,1.7000000476837158,4.539999961853027,77.2,588.025390625,17,638.157799522766,cloud,1800,0,off,True
0.605,95.387942976,67.62404617070521,0.4086988806661487,10.822338405,74.565137,10.000467571,67.21534729003906,4.7954840660095215,1.7000000476837158,4.51800012588501,93.9,588.025390625,17,638.157799522766,latency,1200,0,off,True
0.605,94.898701981,68.46307055516587,0.4381987289939999,8.576787753,74.888297,11.433617228000005,68.02487182617188,4.824221134185791,1.7000000476837158,4.482999801635742,89.4,588.025390625,18,4292.107363380819,cloud,1800,0,off,True
0.605,96.883630449,68.90008891580632,0.4142338132672548,10.790694995,75.820621,10.272314453999996,68.48585510253906,4.880289077758789,1.7000000476837158,4.434000015258789,95.3,588.025390625,18,4292.107363380819,latency,1200,0,off,True
0.605,96.35128499,68.69503677919027,0.4321659906160592,10.553940191,75.71632,10.081024799000003,68.26287078857422,4.873318195343018,1.7000000476837158,4.454999923706055,86.8,588.025390625,19,335.90474854516646,cloud,1800,0,off,True
0.605,106.678304767,68.83487462510601,0.4408087681724191,20.917894852000003,75.792972,9.96743791499999,68.3940658569336,4.880919933319092,1.7000000476837158,4.447000026702881,93.1,588.025390625,19,335.90474854516646,latency,1200,0,off,True
0.605,95.984400188,68.39397052665339,0.4315758122979164,10.603176233,75.010678,10.370545954999995,67.96239471435547,4.832208156585693,1.600000023841858,4.486000061035156,86.3,588.025390625,20,4144.751286453051,cloud,1800,0,off,True
0.605,97.317100205,69.48425407046666,0.4043209039627552,10.786745322,75.946854,10.583500883,69.0799331665039,4.8899760246276855,1.7000000476837158,4.436999797821045,95.3,588.025390625,20,4144.751286453051,latency,1200,0,off,True
0.605,97.234749406,71.04584747522712,0.4353585836255551,9.337321438,77.654231,10.243196968000008,70.61048889160156,4.996993064880371,1.7000000476837158,4.340000152587891,84.2,588.025390625,21,1010.9222741987492,cloud,1800,0,off,True
0.605,100.233785495,68.7964921184742,0.4157548137867093,10.732016336,75.769863,13.731906159000005,68.3807373046875,4.882339954376221,1.7000000476837158,4.448999881744385,93.9,588.025390625,21,1010.9222741987492,latency,1200,0,off,True
0.605,98.812475273,71.00408993433341,0.4423452443920016,10.556757013,78.004635,10.251083260000016,70.5617446899414,5.011322975158691,1.7000000476837158,4.3429999351501465,87.2,588.025390625,22,630.9069797820829,cloud,1800,0,off,True
0.605,97.965563408,69.55296722114628,0.4065743988806486,10.79377987,76.686045,10.48573853800002,69.14639282226562,4.929577827453613,1.7000000476837158,4.401000022888184,95.3,588.025390625,22,630.9069797820829,latency,1200,0,off,True
0.605,95.995503967,69.24023134571301,0.43037111622082,9.40624869,76.10475,10.484505276999997,68.80986022949219,4.895798206329346,1.7000000476837158,4.409999847412109,82.6,588.025390625,23,4465.410581309505,cloud,1800,0,off,True
0.605,109.43406574,71.31049055171997,0.450764599571526,20.891682246,78.406424,10.13595949399999,70.85972595214844,5.032709121704102,1.7000000476837158,4.289000034332275,94.4,588.025390625,23,4465.410581309505,latency,1200,0,off,True
0.605,99.288224663,70.52812796008278,0.4439223326413751,10.589698731,77.792604,10.905921932000012,70.0842056274414,4.99364185333252,1.600000023841858,4.328999996185303,87.6,588.025390625,24,1141.8136648351742,cloud,1800,0,off,True
0.605,98.098563806,69.92118951151177,0.4073955661992669,10.912581223,76.898089,10.287893583,69.5137939453125,4.942646026611328,1.7000000476837158,4.377999782562256,93.7,588.025390625,24,1141.8136648351742,latency,1200,0,off,True
0.605,95.581620757,69.02105182065912,0.4287361468309998,8.96388567,76.204826,10.412909087000005,68.59231567382812,4.906414031982422,1.7000000476837158,4.413000106811523,87.2,588.025390625,25,1381.5929729653594,cloud,1800,0,off,True
0.605,107.860347976,69.81720460656035,0.4457522750173807,20.931170152,76.564194,10.364983823999992,69.37145233154297,4.9323811531066895,1.7000000476837158,4.395999908447266,89.9,588.025390625,25,1381.5929729653594,latency,1200,0,off,True
0.605,97.250411476,71.63255050769753,0.4356663524240971,8.598187771,78.595076,10.057147704999991,71.19688415527344,5.039356231689453,1.7000000476837158,4.302999973297119,90.4,588.025390625,26,3124.2707232798884,cloud,1800,0,off,True
0.605,96.791235285,69.28610227797424,0.4023666212359548,10.575962664,76.484647,9.730625621000002,68.88373565673828,4.924315929412842,1.7000000476837158,4.40399980545044,95.3,588.025390625,26,3124.2707232798884,latency,1200,0,off,True
0.605,96.855891093,70.79941117870042,0.4336656342668294,8.675240372,77.924768,10.255882720999992,70.3657455444336,5.020530223846436,1.7000000476837158,4.3470001220703125,88.2,588.025390625,27,1620.2976772064394,cloud,1800,0,off,True
0.605,97.715703977,69.83396419343264,0.4059246426513791,10.767906969,76.439895,10.507902008000002,69.42803955078125,4.923781871795654,1.7000000476837158,4.409999847412109,96.0,588.025390625,27,1620.2976772064394,latency,1200,0,off,True
0.605,102.7317958,69.6765713182244,0.4589580980095625,10.06327037,76.526801,16.141724429999996,69.21761322021484,4.929381847381592,1.7000000476837158,4.40500020980835,76.8,588.025390625,28,2719.140428187633,cloud,1800,0,off,True
0.605,105.053453755,72.31029121306881,0.4348792257641196,10.651013641,78.894157,15.50828311399998,71.87541198730469,5.068892002105713,1.7000000476837158,4.285999774932861,95.7,588.025390625,28,2719.140428187633,latency,1200,0,off,True
0.605,96.405033445,69.9405687922386,0.4320314997581244,8.849122543,76.514545,11.041365901999995,69.50853729248047,4.92353105545044,1.7000000476837158,4.415999889373779,87.3,588.025390625,29,1993.0224787557224,cloud,1800,0,off,True
0.605,98.924815636,70.64723514976087,0.4101517147022843,10.808972858,77.575471,10.540371778000008,70.2370834350586,4.992617130279541,1.7000000476837158,4.34499979019165,94.0,588.025390625,29,1993.0224787557224,latency,1200,0,off,True
0.605,98.579959225,70.99019443779568,0.4408627727566123,9.331650198,78.394075,10.85423402699999,70.54933166503906,5.046367168426514,1.7000000476837158,4.288000106811523,83.3,588.025390625,30,428.3201012301792,cloud,1800,0,off,True
0.605,96.159163855,68.65123322000215,0.3999133347482442,10.757354784,75.691509,9.710300071000006,68.2513198852539,4.888279914855957,1.7000000476837158,4.448999881744385,94.5,588.025390625,30,428.3201012301792,latency,1200,0,off,True
0.605,96.863713152,71.34741167230334,0.4351344506236553,8.873430004000001,77.91207,10.078213147999987,70.91227722167969,5.004191875457764,1.7000000476837158,4.330999851226807,87.7,588.025390625,31,513.3462952224331,cloud,1800,0,off,True
0.605,98.996329128,70.37015078250678,0.4111511487177252,11.335062915,77.195918,10.465348213,69.95899963378906,4.97727108001709,1.7000000476837158,4.355000019073486,90.1,588.025390625,31,513.3462952224331,latency,1200,0,off,True
0.605,97.431346782,68.85592084234955,0.4357395679354787,9.090422959,75.756051,12.584872822999998,68.42018127441406,4.891126155853272,1.7000000476837158,4.443999767303467,84.6,588.025390625,32,397.0850656676463,cloud,1800,0,off,True
0.609,160.023602695,67.57125414019758,0.8160508931272745,82.289533193,74.257203,3.476866501999993,66.75520324707031,4.468254089355469,1.7000000476837158,0.9959999918937684,25.1,98.0244140625,16,290.2637757152884,splinter:latency,1600,17,max,True
0.603,443.5403510210001,2.2281326231296417,2.2281326231296417,443.540338465,0.0,0.0,0.0,0.0,0.0,0.0,20.6,0.0,18,4292.107363380819,splinter:latency,800,22,std,False
0.603,433.948543992,2.4021049027768013,2.4021049027768013,433.948534047,0.0,0.0,0.0,0.0,0.0,0.0,12.3,0.0,19,335.90474854516646,energy,800,22,std,False
0.609,125.577557765,65.57609507703505,0.6616968836756706,49.87965428,72.325768,3.372135484999987,64.91439819335938,4.3513288497924805,1.7000000476837158,0.9959999918937684,29.1,98.0244140625,19,335.90474854516646,splinter:latency,1600,17,max,True
0.603,426.577311018,2.417781671127057,2.417781671127057,426.577300944,0.0,0.0,0.0,0.0,0.0,0.0,13.0,0.0,20,4144.751286453051,edge,1800,22,max,False
0.603,434.162330296,2.413101794613933,2.413101794613933,434.162320667,0.0,0.0,0.0,0.0,0.0,0.0,12.6,0.0,20,4144.751286453051,energy,800,22,std,False
0.603,434.030310098,2.4076849361192467,2.4076849361192467,434.03030095,0.0,0.0,0.0,0.0,0.0,0.0,12.2,0.0,20,4144.751286453051,splinter:latency,800,22,std,False
0.603,433.242405973,2.4069310269034503,2.4069310269034503,433.242395825,0.0,0.0,0.0,0.0,0.0,0.0,12.4,0.0,21,1010.9222741987492,energy,800,22,std,False
0.603,434.015056744,2.4079362301984903,2.4079362301984903,434.015046077,0.0,0.0,0.0,0.0,0.0,0.0,12.3,0.0,21,1010.9222741987492,splinter:latency,800,22,std,False
0.603,434.044522832,2.4080297253374456,2.4080297253374456,434.044512054,0.0,0.0,0.0,0.0,0.0,0.0,12.3,0.0,22,630.9069797820829,energy,800,22,std,False
0.603,433.684754129,2.4082156548452023,2.4082156548452023,433.684743425,0.0,0.0,0.0,0.0,0.0,0.0,12.5,0.0,22,630.9069797820829,splinter:latency,800,22,std,False
0.603,434.459154273,2.413351981453335,2.413351981453335,434.45914368,0.0,0.0,0.0,0.0,0.0,0.0,12.6,0.0,23,4465.410581309505,energy,800,22,std,False
0.603,434.720133682,2.418426550108111,2.418426550108111,434.720123979,0.0,0.0,0.0,0.0,0.0,0.0,13.0,0.0,23,4465.410581309505,splinter:latency,800,22,std,False
0.603,435.172435972,2.4230715516858936,2.4230715516858936,435.17242625,0.0,0.0,0.0,0.0,0.0,0.0,13.1,0.0,24,1141.8136648351742,energy,800,22,std,False
0.603,435.321721876,2.424606031430066,2.424606031430066,435.321712228,0.0,0.0,0.0,0.0,0.0,0.0,13.1,0.0,24,1141.8136648351742,splinter:latency,800,22,std,False
0.603,433.955248029,2.4093552179967404,2.4093552179967404,433.955238529,0.0,0.0,0.0,0.0,0.0,0.0,12.3,0.0,25,1381.5929729653594,energy,800,22,std,False
0.603,433.318953255,2.4039344556167603,2.4039344556167603,433.31894457,0.0,0.0,0.0,0.0,0.0,0.0,12.2,0.0,25,1381.5929729653594,splinter:latency,800,22,std,False
0.603,434.672636056,2.4205191333614464,2.4205191333614464,434.672626612,0.0,0.0,0.0,0.0,0.0,0.0,13.2,0.0,26,3124.2707232798884,energy,800,22,std,False
0.603,433.815675479,2.4080728884283897,2.4080728884283897,433.815666701,0.0,0.0,0.0,0.0,0.0,0.0,12.4,0.0,26,3124.2707232798884,splinter:latency,800,22,std,False
0.603,433.486800776,2.407507627495086,2.407507627495086,433.486792091,0.0,0.0,0.0,0.0,0.0,0.0,12.3,0.0,27,1620.2976772064394,energy,800,22,std,False
0.603,434.519587303,2.4170747536665087,2.4170747536665087,434.51957743300005,0.0,0.0,0.0,0.0,0.0,0.0,12.8,0.0,27,1620.2976772064394,splinter:latency,800,22,std,False
0.603,433.470238939,2.407758498349917,2.407758498349917,433.470228699,0.0,0.0,0.0,0.0,0.0,0.0,12.3,0.0,28,2719.140428187633,energy,800,22,std,False
0.603,434.108419744,2.4095022361245872,2.4095022361245872,434.108409911,0.0,0.0,0.0,0.0,0.0,0.0,12.3,0.0,28,2719.140428187633,splinter:latency,800,22,std,False
0.603,442.253880422,2.447943408127713,2.447943408127713,442.2538707,0.0,0.0,0.0,0.0,0.0,0.0,12.3,0.0,29,1993.0224787557224,energy,800,22,std,False
0.603,435.041263399,2.4205602139562843,2.4205602139562843,435.041252955,0.0,0.0,0.0,0.0,0.0,0.0,13.0,0.0,29,1993.0224787557224,splinter:latency,800,22,std,False
0.603,433.71035832,2.4108857426812884,2.4108857426812884,433.710349246,0.0,0.0,0.0,0.0,0.0,0.0,12.5,0.0,30,428.3201012301792,energy,800,22,std,False
0.603,442.269787969,2.499575074275601,2.499575074275601,442.269778321,0.0,0.0,0.0,0.0,0.0,0.0,12.9,0.0,31,513.3462952224331,edge,1800,22,max,False
0.603,433.52771766,2.404344809699297,2.404344809699297,433.527708012,0.0,0.0,0.0,0.0,0.0,0.0,12.3,0.0,31,513.3462952224331,energy,800,22,std,False
0.603,433.622739719,2.4079792771988155,2.4079792771988155,433.622729719,0.0,0.0,0.0,0.0,0.0,0.0,12.5,0.0,31,513.3462952224331,splinter:latency,800,22,std,False
0.603,434.761136898,2.416424283341265,2.416424283341265,434.761126806,0.0,0.0,0.0,0.0,0.0,0.0,12.8,0.0,32,397.0850656676463,energy,800,22,std,False
0.605,98.915536499,68.02404009371439,0.3155363705698609,10.682218417,75.099328,13.133990081999997,67.70850372314453,4.856579780578613,1.7000000476837158,4.484000205993652,96.1,588.025390625,32,397.0850656676463,latency,1200,0,off,True
0.609,125.211185777,64.86843886271707,0.6553880204319118,50.15738753,71.78877,3.265028247000004,64.21305084228516,4.332245826721191,1.7000000476837158,0.9959999918937684,28.8,98.0244140625,32,397.0850656676463,splinter:latency,1600,17,max,True
0.605,94.710726579,68.56910765211587,0.3338018659830689,9.192191657,75.28952,10.229014922000005,68.23530578613281,4.869032859802246,1.7000000476837158,4.453000068664551,84.3,588.025390625,33,1116.5490935342848,cloud,1800,0,off,True
0.603,425.62504328,2.4089009363403084,2.4089009363403084,425.625033539,0.0,0.0,0.0,0.0,0.0,0.0,12.5,0.0,33,1116.5490935342848,edge,1800,22,max,False
0.603,434.093655906,2.411844613304007,2.411844613304007,434.093647128,0.0,0.0,0.0,0.0,0.0,0.0,12.8,0.0,33,1116.5490935342848,energy,800,22,std,False
0.605,95.022989778,67.0747888186639,0.3038690188592195,10.810528159,73.722184,10.490277618999995,66.77091979980469,4.771242141723633,1.7000000476837158,4.538000106811523,94.8,588.025390625,33,1116.5490935342848,latency,1200,0,off,True
0.603,445.073507101,2.2365548170544383,2.2365548170544383,445.07349386,0.0,0.0,0.0,0.0,0.0,0.0,20.6,0.0,33,1116.5490935342848,splinter:latency,800,22,std,False
0.605,96.887686904,69.23125586843322,0.3410352263433814,10.612861282,75.740376,10.534449622000013,68.89022064208984,4.894497871398926,1.7000000476837158,4.448999881744385,80.8,588.025390625,34,382.0343242994687,cloud,1800,0,off,True
0.603,425.380959597,2.4138920792418723,2.4138920792418723,425.380949579,0.0,0.0,0.0,0.0,0.0,0.0,12.6,0.0,34,382.0343242994687,edge,1800,22,max,False
0.603,433.634778785,2.403749768093002,2.403749768093002,433.6347687110001,0.0,0.0,0.0,0.0,0.0,0.0,12.3,0.0,34,382.0343242994687,energy,800,22,std,False
0.605,96.752492246,69.22827299702288,0.3099532948744535,10.787265812,76.128787,9.836439434,68.91831970214844,4.9139909744262695,1.7000000476837158,4.427000045776367,94.5,588.025390625,34,382.0343242994687,latency,1200,0,off,True
0.609,125.954484822,66.45554671591044,0.6587785274338842,49.860218947,72.73072,3.3635458749999856,65.79676818847656,4.382530212402344,1.7000000476837158,0.9959999918937684,29.4,98.0244140625,34,382.0343242994687,splinter:latency,1600,17,max,True
0.605,93.342718792,67.60563463319929,0.3296870623985052,9.312587767,74.318139,9.711992025,67.27594757080078,4.808684825897217,1.7000000476837158,4.495999813079834,84.7,588.025390625,35,280.9225165722753,cloud,1800,0,off,True
0.603,425.389193671,2.4084685015622376,2.4084685015622376,425.389185153,0.0,0.0,0.0,0.0,0.0,0.0,12.7,0.0,35,280.9225165722753,edge,1800,22,max,False
0.603,434.184710521,2.40993652261672,2.40993652261672,434.184700707,0.0,0.0,0.0,0.0,0.0,0.0,12.5,0.0,35,280.9225165722753,energy,800,22,std,False
0.605,96.378926938,68.60871189102211,0.3086401747135162,10.735816919,75.818448,9.824662018999987,68.3000717163086,4.885611057281494,1.7000000476837158,4.436999797821045,94.7,588.025390625,35,280.9225165722753,latency,1200,0,off,True
0.609,125.990231434,65.69735083783509,0.6594174882257104,50.150592425,72.370857,3.4687820089999946,65.03793334960938,4.35723876953125,1.7000000476837158,0.9959999918937684,29.3,98.0244140625,35,280.9225165722753,splinter:latency,1600,17,max,True
0.605,93.429991603,67.54243427746562,0.3304362916257738,8.738654565,74.253743,10.437594038,67.21199798583984,4.800148963928223,1.7000000476837158,4.53000020980835,88.5,588.025390625,36,1062.5381732033352,cloud,1800,0,off,True
0.603,425.26872602,2.409956640317571,2.409956640317571,425.26871539,0.0,0.0,0.0,0.0,0.0,0.0,12.5,0.0,36,1062.5381732033352,edge,1800,22,max,False
0.603,434.761046298,2.4174357475816723,2.4174357475816723,434.761036872,0.0,0.0,0.0,0.0,0.0,0.0,13.0,0.0,36,1062.5381732033352,energy,800,22,std,False
0.605,127.012226871,68.57483984459947,0.3990128182322741,10.65017823,75.512899,40.84914964100001,68.17582702636719,4.873600006103516,1.7000000476837158,4.446000099182129,94.9,588.025390625,36,1062.5381732033352,latency,1200,0,off,True
0.603,443.600080441,2.2266929992793085,2.2266929992793085,443.600066108,0.0,0.0,0.0,0.0,0.0,0.0,20.6,0.0,36,1062.5381732033352,splinter:latency,800,22,std,False
0.605,96.378949744,69.03830602844982,0.3397586651685715,10.543023521,76.006971,9.828955223000008,68.69854736328125,4.902638912200928,1.7000000476837158,4.427000045776367,89.5,588.025390625,37,2069.04539656878,cloud,1800,0,off,True
0.603,426.422372072,2.4103422232394576,2.4103422232394576,426.422362183,0.0,0.0,0.0,0.0,0.0,0.0,12.9,0.0,37,2069.04539656878,edge,1800,22,max,False
0.603,433.989109812,2.413247186979306,2.413247186979306,433.989100886,0.0,0.0,0.0,0.0,0.0,0.0,12.7,0.0,37,2069.04539656878,energy,800,22,std,False
0.605,105.000161761,67.35387423848648,0.3341446242286682,20.926819906,74.12389,9.949451854999992,67.01972961425781,4.786712169647217,1.7000000476837158,4.52899980545044,94.7,588.025390625,37,2069.04539656878,latency,1200,0,off,True
0.603,443.397273135,2.2268440695558427,2.2268440695558427,443.397259302,0.0,0.0,0.0,0.0,0.0,0.0,20.6,0.0,37,2069.04539656878,splinter:latency,800,22,std,False
0.605,95.306970425,68.85593059149795,0.3354990729432583,9.403530556,75.992844,9.910595869000003,68.52043151855469,4.891128063201904,1.7000000476837158,4.422999858856201,81.9,588.025390625,38,1076.2456365234257,cloud,1800,0,off,True
0.603,442.26312704,2.493974256560218,2.493974256560218,442.263117633,0.0,0.0,0.0,0.0,0.0,0.0,12.9,0.0,38,1076.2456365234257,edge,1800,22,max,False
0.603,433.474641064,2.405666063952208,2.405666063952208,433.474631249,0.0,0.0,0.0,0.0,0.0,0.0,12.3,0.0,38,1076.2456365234257,energy,800,22,std,False
0.605,95.961322051,68.32736487643906,0.30729193942734,10.622802447,75.713322,9.625197603999991,68.02007293701172,4.875514030456543,1.7000000476837158,4.456999778747559,94.8,588.025390625,38,1076.2456365234257,latency,1200,0,off,True
0.603,442.773091091,2.224735669316328,2.224735669316328,442.773078072,0.0,0.0,0.0,0.0,0.0,0.0,20.6,0.0,38,1076.2456365234257,splinter:latency,800,22,std,False
0.605,93.277404442,67.05814658740167,0.3296996269524455,9.297322321,74.232762,9.747320121000016,66.72844696044922,4.791048049926758,1.7000000476837158,4.526999950408936,83.0,588.025390625,39,5026.8,cloud,1800,0,off,True
0.603,426.868758019,2.4215228403826714,2.4215228403826714,426.868748482,0.0,0.0,0.0,0.0,0.0,0.0,13.3,0.0,39,5026.8,edge,1800,22,max,False
0.603,434.255010574,2.413698094294167,2.413698094294167,434.255001203,0.0,0.0,0.0,0.0,0.0,0.0,12.7,0.0,39,5026.8,energy,800,22,std,False
0.605,95.921761405,68.44700365332054,0.3067067172853827,10.818373623,75.317631,9.785756781999993,68.14029693603516,4.84393310546875,1.7000000476837158,4.4629998207092285,95.0,588.025390625,39,5026.8,latency,1200,0,off,True
0.603,444.630950178,2.2326461383046627,2.2326461383046627,444.630936456,0.0,0.0,0.0,0.0,0.0,0.0,20.6,0.0,39,5026.8,splinter:latency,800,22,std,False
0.605,95.151810314,68.54829045581864,0.3359720354084848,9.292055429,75.821052,10.038702885000006,68.21231842041016,4.880015850067139,1.7000000476837158,4.443999767303467,83.6,588.025390625,40,2737.824797428054,cloud,1800,0,off,True
0.603,426.058321678,2.408651386714863,2.408651386714863,426.058312104,0.0,0.0,0.0,0.0,0.0,0.0,12.9,0.0,40,2737.824797428054,edge,1800,22,max,False
0.603,433.430443817,2.404939869462335,2.404939869462335,433.430434039,0.0,0.0,0.0,0.0,0.0,0.0,12.3,0.0,40,2737.824797428054,energy,800,22,std,False
0.605,95.575230171,67.67871636035696,0.3063561308647751,10.972040753,74.479621,10.123568418000003,67.37236022949219,4.796814918518066,1.7000000476837158,4.5229997634887695,93.9,588.025390625,40,2737.824797428054,latency,1200,0,off,True
0.603,445.011758067,2.234768232765078,2.234768232765078,445.011652142,0.0,0.0,0.0,0.0,0.0,0.0,20.6,0.0,40,2737.824797428054,splinter:latency,800,22,std,False
0.605,94.227292536,67.46879042767159,0.3337730326520562,9.27423649,74.313376,10.639680045999995,67.13501739501953,4.789578914642334,1.7000000476837158,4.510000228881836,84.4,588.025390625,41,901.276402434922,cloud,1800,0,off,True
0.605,96.458766616,68.51559936982567,0.2756549118178487,10.959495127,75.451931,10.047340488999993,68.23994445800781,4.857119083404541,1.7000000476837158,4.456999778747559,93.5,588.025390625,41,901.276402434922,latency,1200,0,off,True
0.603,443.132069814,2.2214410403486844,2.2214410403486844,443.132056962,0.0,0.0,0.0,0.0,0.0,0.0,20.5,0.0,41,901.276402434922,splinter:latency,800,22,std,False
0.605,95.294034811,68.7384039806054,0.3348929332421184,9.507971619,75.66275,10.123313191999998,68.40351104736328,4.87847900390625,1.7000000476837158,4.434000015258789,81.0,588.025390625,42,438.448475326602,cloud,1800,0,off,True
0.603,426.33136298,2.420999021461594,2.420999021461594,426.33135272,0.0,0.0,0.0,0.0,0.0,0.0,13.1,0.0,42,438.448475326602,edge,1800,22,max,False
0.603,433.386829588,2.404282787569988,2.404282787569988,433.386819718,0.0,0.0,0.0,0.0,0.0,0.0,12.3,0.0,42,438.448475326602,energy,800,22,std,False
0.605,95.081676477,67.35785308821592,0.3046075437823295,10.737599986,74.656243,9.687833491000006,67.0532455444336,4.818765163421631,1.7000000476837158,4.506999969482422,93.8,588.025390625,42,438.448475326602,latency,1200,0,off,True
0.603,430.111036251,2.263330787197244,2.263330787197244,430.111025214,0.0,0.0,0.0,0.0,0.0,0.0,16.0,0.0,42,438.448475326602,splinter:latency,1200,22,max,False
0.605,94.328422691,68.48273085111103,0.3337287759157181,8.895882712999999,75.219492,10.213047977999992,68.14900207519531,4.851521015167236,1.7000000476837158,4.477000236511231,87.0,588.025390625,43,291.2074084777813,cloud,1800,0,off,True
0.603,426.541975181,2.4182713853390574,2.4182713853390574,426.541965033,0.0,0.0,0.0,0.0,0.0,0.0,13.4,0.0,43,291.2074084777813,edge,1800,22,max,False
0.603,433.87895128,2.409672075528622,2.409672075528622,433.878941373,0.0,0.0,0.0,0.0,0.0,0.0,12.6,0.0,43,291.2074084777813,energy,800,22,std,False
0.605,96.099095329,68.64551680230237,0.307824541560173,10.685530306,75.364342,10.049223022999996,68.33769226074219,4.856595993041992,1.7000000476837158,4.4670000076293945,94.1,588.025390625,43,291.2074084777813,latency,1200,0,off,True
0.609,125.467909005,65.5407433149234,0.6569389936343432,49.938999457,72.257988,3.270921548000004,64.88380432128906,4.350557804107666,1.7000000476837158,0.9959999918937684,29.4,98.0244140625,43,291.2074084777813,splinter:latency,1600,17,max,True
0.605,96.783873734,69.1743030720978,0.3408680135040521,10.568152073,75.987987,10.227734661,68.83343505859375,4.898009777069092,1.7000000476837158,4.431000232696533,87.8,588.025390625,44,1127.542785716662,cloud,1800,0,off,True
0.603,425.912096034,2.4088039292003867,2.4088039292003867,425.912086349,0.0,0.0,0.0,0.0,0.0,0.0,12.9,0.0,44,1127.542785716662,edge,1800,22,max,False
0.603,433.320072436,2.4064484264022705,2.4064484264022705,433.320063103,0.0,0.0,0.0,0.0,0.0,0.0,12.4,0.0,44,1127.542785716662,energy,800,22,std,False
0.605,96.529497976,67.89408386478377,0.3091534448618889,11.12226111,74.722389,10.684847865999998,67.58493041992188,4.816682815551758,1.7000000476837158,4.497000217437744,91.1,588.025390625,44,1127.542785716662,latency,1200,0,off,True
0.603,444.906759466,2.235382815048564,2.235382815048564,444.906745781,0.0,0.0,0.0,0.0,0.0,0.0,20.7,0.0,44,1127.542785716662,splinter:latency,800,22,std,False
0.605,95.182237075,67.77299649565258,0.335702489304924,10.5188404,74.830972,9.832424675,67.43729400634766,4.821290969848633,1.7000000476837158,4.493000030517578,82.3,588.025390625,45,775.7406038118551,cloud,1800,0,off,True
0.603,425.730539251,2.409872777593756,2.409872777593756,425.730528862,0.0,0.0,0.0,0.0,0.0,0.0,12.5,0.0,45,775.7406038118551,edge,1800,22,max,False
0.603,434.253417469,2.413787174401844,2.413787174401844,434.253406507,0.0,0.0,0.0,0.0,0.0,0.0,12.8,0.0,45,775.7406038118551,energy,800,22,std,False
0.605,106.302775985,68.61023675893021,0.3376613805122375,20.942982936,75.340233,10.019560048999992,68.27257537841797,4.851710796356201,1.7000000476837158,4.4629998207092285,93.5,588.025390625,45,775.7406038118551,latency,1200,0,off,True
0.603,443.013662706,2.2238730217106464,2.2238730217106464,443.013649836,0.0,0.0,0.0,0.0,0.0,0.0,20.5,0.0,45,775.7406038118551,splinter:latency,800,22,std,False
0.605,94.645680952,68.64876665102842,0.3336039923370242,8.760703953,76.006753,9.878223999,68.3151626586914,4.886134147644043,1.7000000476837158,4.429999828338623,88.4,588.025390625,46,327.43148734354304,cloud,1800,0,off,True
0.603,425.84516350700005,2.4132871737773423,2.4132871737773423,425.845153767,0.0,0.0,0.0,0.0,0.0,0.0,12.5,0.0,46,327.43148734354304,edge,1800,22,max,False
0.603,433.420343346,2.4057255705800773,2.4057255705800773,433.420333531,0.0,0.0,0.0,0.0,0.0,0.0,12.3,0.0,46,327.43148734354304,energy,800,22,std,False
0.605,97.55534751,68.73580775728955,0.3120330380512714,10.806388641000002,76.399126,10.34983286900001,68.42377471923828,4.905731201171875,1.7000000476837158,4.422999858856201,93.8,588.025390625,46,327.43148734354304,latency,1200,0,off,True
0.609,125.410205454,65.33720740025574,0.658870303087771,49.904487578,71.886679,3.619038875999992,64.67833709716797,4.310362815856934,1.7000000476837158,0.996999979019165,29.0,98.0244140625,46,327.43148734354304,splinter:latency,1600,17,max,True
0.605,93.282492527,67.11413845367126,0.3293484146087646,9.012864103,74.424749,9.844879423999984,66.7847900390625,4.790921211242676,1.7000000476837158,4.5,86.0,588.025390625,47,1266.4902689855503,cloud,1800,0,off,True
0.603,426.683801198,2.420818632517684,2.420818632517684,426.683791384,0.0,0.0,0.0,0.0,0.0,0.0,13.1,0.0,47,1266.4902689855503,edge,1800,22,max,False
0.603,433.629754388,2.407666984670329,2.407666984670329,433.629745295,0.0,0.0,0.0,0.0,0.0,0.0,12.4,0.0,47,1266.4902689855503,energy,800,22,std,False
0.605,96.418606561,68.07322782860162,0.3084725795781851,10.661848305,75.51099,10.245768256000003,67.76475524902344,4.845438957214356,1.7000000476837158,4.456999778747559,94.4,588.025390625,47,1266.4902689855503,latency,1200,0,off,True
0.603,502.743152501,2.4837842790234803,2.4837842790234803,502.74313926,0.0,0.0,0.0,0.0,0.0,0.0,20.6,0.0,47,1266.4902689855503,splinter:latency,800,22,std,False
0.605,96.24153062,68.25838608974479,0.3390745663072944,10.2412316,75.835374,10.164925019999998,67.9193115234375,4.863833904266357,1.7000000476837158,4.429999828338623,75.7,588.025390625,48,1074.0114553075275,cloud,1800,0,off,True
0.603,434.286651501,2.4038190660099987,2.4038190660099987,434.286642187,0.0,0.0,0.0,0.0,0.0,0.0,12.5,0.0,48,1074.0114553075275,energy,800,22,std,False
0.603,443.605761618,2.2279379290842174,2.2279379290842174,443.605748581,0.0,0.0,0.0,0.0,0.0,0.0,20.6,0.0,48,1074.0114553075275,splinter:latency,800,22,std,False
0.605,96.196794287,68.45753362007164,0.3391483051302313,10.554788878,75.294362,10.347643409,68.1183853149414,4.82719087600708,1.7000000476837158,4.474999904632568,90.0,588.025390625,49,2307.330236718428,cloud,1800,0,off,True
0.603,425.327479146,2.412006639415157,2.412006639415157,425.327469998,0.0,0.0,0.0,0.0,0.0,0.0,12.5,0.0,49,2307.330236718428,edge,1800,22,max,False
0.603,433.459085598,2.4069815653881435,2.4069815653881435,433.459075598,0.0,0.0,0.0,0.0,0.0,0.0,12.3,0.0,49,2307.330236718428,energy,800,22,std,False
0.605,95.186804086,66.97394606872446,0.3044361810291529,10.666831525,74.30138,10.218592560999994,66.66950988769531,4.771273136138916,1.7000000476837158,4.535999774932861,95.1,588.025390625,49,2307.330236718428,latency,1200,0,off,True
0.603,443.003801851,2.223651250308192,2.223651250308192,443.003788536,0.0,0.0,0.0,0.0,0.0,0.0,20.5,0.0,49,2307.330236718428,splinter:latency,800,22,std,False
0.603,432.624763773,2.448011169135952,2.448011169135952,432.624754273,0.0,0.0,0.0,0.0,0.0,0.0,12.6,0.0,19,335.90474854516646,edge,1800,22,max,False
0.603,425.801665495,2.4175654844083194,2.4175654844083194,425.801655644,0.0,0.0,0.0,0.0,0.0,0.0,12.7,0.0,21,1010.9222741987492,edge,1800,22,max,False
0.603,426.771920351,2.4299477536073564,2.4299477536073564,426.771911499,0.0,0.0,0.0,0.0,0.0,0.0,13.0,0.0,22,630.9069797820829,edge,1800,22,max,False
0.603,425.752146925,2.4169704926705244,2.4169704926705244,425.752137574,0.0,0.0,0.0,0.0,0.0,0.0,12.6,0.0,23,4465.410581309505,edge,1800,22,max,False
0.603,425.453391149,2.412539697054064,2.412539697054064,425.453381778,0.0,0.0,0.0,0.0,0.0,0.0,12.5,0.0,24,1141.8136648351742,edge,1800,22,max,False
0.603,425.24137018,2.417237618102729,2.417237618102729,425.241360606,0.0,0.0,0.0,0.0,0.0,0.0,12.5,0.0,25,1381.5929729653594,edge,1800,22,max,False
0.603,426.35991052,2.4297113877552987,2.4297113877552987,426.359901131,0.0,0.0,0.0,0.0,0.0,0.0,13.2,0.0,26,3124.2707232798884,edge,1800,22,max,False
0.603,425.364144972,2.4195957838570954,2.4195957838570954,425.36413462,0.0,0.0,0.0,0.0,0.0,0.0,12.5,0.0,27,1620.2976772064394,edge,1800,22,max,False
0.603,425.789557532,2.417904634425283,2.417904634425283,425.789547143,0.0,0.0,0.0,0.0,0.0,0.0,12.5,0.0,28,2719.140428187633,edge,1800,22,max,False
0.603,426.588906763,2.424459917953503,2.424459917953503,426.588897689,0.0,0.0,0.0,0.0,0.0,0.0,13.0,0.0,29,1993.0224787557224,edge,1800,22,max,False
0.603,426.051632958,2.4189992155380606,2.4189992155380606,426.051623384,0.0,0.0,0.0,0.0,0.0,0.0,12.6,0.0,30,428.3201012301792,edge,1800,22,max,False
0.609,124.30727582,63.97009997292128,0.6541400425013542,49.851425232,70.835174,3.6206765879999807,63.31595993041992,4.2378668785095215,1.7000000476837158,0.9940000176429749,29.0,98.0244140625,30,428.3201012301792,splinter:latency,1600,17,max,True
0.603,425.654103855,2.415109711810076,2.415109711810076,425.654094077,0.0,0.0,0.0,0.0,0.0,0.0,12.6,0.0,32,397.0850656676463,edge,1800,22,max,False
0.603,425.632541753,2.4162882255636933,2.4162882255636933,425.632532291,0.0,0.0,0.0,0.0,0.0,0.0,12.5,0.0,41,901.276402434922,edge,1800,22,max,False
0.603,434.164952707,2.4135423488197567,2.4135423488197567,434.164941152,0.0,0.0,0.0,0.0,0.0,0.0,12.6,0.0,41,901.276402434922,energy,800,22,std,False
0.603,432.913239042,2.437498211802364,2.437498211802364,432.913228876,0.0,0.0,0.0,0.0,0.0,0.0,12.6,0.0,48,1074.0114553075275,edge,1800,22,max,False
0.605,96.675396522,67.45351107151347,0.3085907223923803,10.680609693,74.61325,11.381536829000012,67.1449203491211,4.809977054595947,1.7000000476837158,4.49399995803833,94.5,588.025390625,48,1074.0114553075275,latency,1200,0,off,True
0.605,103.497299306,66.68724662247101,0.2916930336038232,19.473873986,73.347079,10.676346319999992,66.39555358886719,4.768454074859619,1.7000000476837158,4.554999828338623,51.6,588.025390625,0,94.7906709776648,splinter:latency_exhaustive,1200,0,off,True
0.603,443.591738194,2.210533146279549,2.210533146279549,443.591724898,0.0,0.0,0.0,0.0,0.0,0.0,20.5,0.0,1,4286.694420455027,splinter:latency_exhaustive,800,22,std,False
0.603,445.613509547,2.2287324430226683,2.2287324430226683,445.613496306,0.0,0.0,0.0,0.0,0.0,0.0,20.5,0.0,2,1532.6243226141037,splinter:latency_exhaustive,800,22,std,False
0.603,443.535278894,2.218596968398559,2.218596968398559,443.53526595,0.0,0.0,0.0,0.0,0.0,0.0,20.6,0.0,3,2738.347089400668,splinter:latency_exhaustive,800,22,std,False
0.603,445.388340866,2.2299472682402017,2.2299472682402017,445.388326496,0.0,0.0,0.0,0.0,0.0,0.0,20.6,0.0,4,641.439097226919,splinter:latency_exhaustive,800,22,std,False
0.603,442.922548519,2.218566006703877,2.218566006703877,442.922535575,0.0,0.0,0.0,0.0,0.0,0.0,20.5,0.0,5,4115.060522719543,splinter:latency_exhaustive,800,22,std,False
0.603,442.977304938,2.2173622380852698,2.2173622380852698,442.977291587,0.0,0.0,0.0,0.0,0.0,0.0,20.5,0.0,6,1203.305802680872,splinter:latency_exhaustive,800,22,std,False
0.603,444.02001378,2.222392665238297,2.222392665238297,444.020000187,0.0,0.0,0.0,0.0,0.0,0.0,20.6,0.0,7,1290.340507350371,splinter:latency_exhaustive,800,22,std,False
0.603,444.203176167,2.22305353355937,2.22305353355937,444.203163278,0.0,0.0,0.0,0.0,0.0,0.0,20.6,0.0,8,2813.4749688531188,splinter:latency_exhaustive,800,22,std,False
0.603,444.380469419,2.225159944176984,2.225159944176984,444.380456678,0.0,0.0,0.0,0.0,0.0,0.0,20.6,0.0,9,2262.996772178989,splinter:latency_exhaustive,800,22,std,False
0.603,442.829371627,2.217679394524956,2.217679394524956,442.829357479,0.0,0.0,0.0,0.0,0.0,0.0,20.5,0.0,10,775.1108850558755,splinter:latency_exhaustive,800,22,std,False
0.609,129.969599427,61.806399054489816,0.6399714421851277,58.24602261,68.278144,3.445432816999997,61.16642761230469,4.147192001342773,1.7000000476837158,0.9959999918937684,42.0,98.0244140625,11,139.23946152965215,splinter:latency_exhaustive,800,17,max,True
0.603,442.27711424,2.2143133786875127,2.2143133786875127,442.27710074,0.0,0.0,0.0,0.0,0.0,0.0,20.5,0.0,12,1117.4684480453138,splinter:latency_exhaustive,800,22,std,False
0.609,129.36808648000002,62.66334831222565,0.6369811247256517,58.233452531000005,68.732213,2.4024209490000032,62.0263671875,4.171702861785889,1.7000000476837158,0.9959999918937684,42.2,98.0244140625,13,314.1531076047635,splinter:latency_exhaustive,800,17,max,True
0.609,130.12336637299998,62.11987721849718,0.639274954092884,58.530304813,68.379392,3.2136695599999854,61.4806022644043,4.150387763977051,1.7000000476837158,0.9950000047683716,41.9,98.0244140625,14,395.4955854322002,splinter:latency_exhaustive,800,17,max,True
0.605,98.271197636,65.812886923716,0.3100793065284967,10.902703986,72.84749,14.521003650000011,65.5028076171875,4.758339881896973,1.7000000476837158,4.5879998207092285,94.5,588.025390625,15,90.60000000000012,splinter:latency_exhaustive,1200,0,off,True
0.609,130.086434101,63.61379755277429,0.6379674746492863,58.137545938,69.694443,2.254445163,62.975830078125,4.228394031524658,1.7000000476837158,0.9950000047683716,42.1,98.0244140625,16,290.2637757152884,splinter:latency_exhaustive,800,17,max,True
0.603,442.90791366,2.213483231400728,2.213483231400728,442.907899586,0.0,0.0,0.0,0.0,0.0,0.0,20.5,0.0,17,638.157799522766,splinter:latency_exhaustive,800,22,std,False
0.603,443.404757172,2.218923483702409,2.218923483702409,443.40474382,0.0,0.0,0.0,0.0,0.0,0.0,20.5,0.0,18,4292.107363380819,splinter:latency_exhaustive,800,22,std,False
0.609,130.919136326,63.32706973543178,0.6435980557442784,58.170969127,69.414312,3.3338551989999985,62.6834716796875,4.207047939300537,1.7000000476837158,0.9959999918937684,42.1,98.0244140625,19,335.90474854516646,splinter:latency_exhaustive,800,17,max,True
0.603,442.957261684,2.2156555490892647,2.2156555490892647,442.957247536,0.0,0.0,0.0,0.0,0.0,0.0,20.5,0.0,20,4144.751286453051,splinter:latency_exhaustive,800,22,std,False
0.603,442.8340354010001,2.215029861702776,2.215029861702776,442.834022346,0.0,0.0,0.0,0.0,0.0,0.0,20.4,0.0,21,1010.9222741987492,splinter:latency_exhaustive,800,22,std,False
0.603,442.964525303,2.215189962401843,2.215189962401843,442.964511822,0.0,0.0,0.0,0.0,0.0,0.0,20.4,0.0,22,630.9069797820829,splinter:latency_exhaustive,800,22,std,False
0.603,442.952589992,2.215861652425754,2.215861652425754,442.952576808,0.0,0.0,0.0,0.0,0.0,0.0,20.5,0.0,23,4465.410581309505,splinter:latency_exhaustive,800,22,std,False
0.603,444.3031621230001,2.221966324057138,2.221966324057138,444.303148716,0.0,0.0,0.0,0.0,0.0,0.0,20.5,0.0,24,1141.8136648351742,splinter:latency_exhaustive,800,22,std,False
0.603,445.310333879,2.2268458689148183,2.2268458689148183,445.310320416,0.0,0.0,0.0,0.0,0.0,0.0,20.6,0.0,25,1381.5929729653594,splinter:latency_exhaustive,800,22,std,False
0.603,443.84426357,2.220520142042518,2.220520142042518,443.844249514,0.0,0.0,0.0,0.0,0.0,0.0,20.5,0.0,26,3124.2707232798884,splinter:latency_exhaustive,800,22,std,False
0.603,444.198431635,2.22153997802372,2.22153997802372,444.198418617,0.0,0.0,0.0,0.0,0.0,0.0,20.6,0.0,27,1620.2976772064394,splinter:latency_exhaustive,800,22,std,False
0.603,442.293662869,2.444083168138945,2.444083168138945,442.293652647,0.0,0.0,0.0,0.0,0.0,0.0,12.3,0.0,28,2719.140428187633,splinter:latency_exhaustive,800,22,std,False
0.603,433.545723649,2.408152822401309,2.408152822401309,433.54571339,0.0,0.0,0.0,0.0,0.0,0.0,12.5,0.0,29,1993.0224787557224,splinter:latency_exhaustive,800,22,std,False
0.603,443.384257921,2.233892049049306,2.233892049049306,443.384243754,0.0,0.0,0.0,0.0,0.0,0.0,20.6,0.0,31,513.3462952224331,splinter:latency_exhaustive,800,22,std,False
0.609,131.938433124,66.04269380462353,0.6513363827485203,58.014382416,70.377904,3.546146707999995,65.391357421875,4.209535121917725,1.7000000476837158,0.9950000047683716,42.2,98.0244140625,32,397.0850656676463,splinter:latency_exhaustive,800,17,max,True
0.603,442.888538201,2.227113395038854,2.227113395038854,442.888524164,0.0,0.0,0.0,0.0,0.0,0.0,20.5,0.0,33,1116.5490935342848,splinter:latency_exhaustive,800,22,std,False
0.609,133.320435514,66.83489358561904,0.6574338688221693,58.227405433,70.794052,4.298978081000001,66.17745971679688,4.244087219238281,1.7000000476837158,0.9959999918937684,42.2,98.0244140625,34,382.0343242994687,splinter:latency_exhaustive,800,17,max,True
0.609,132.064529933,66.65349176095864,0.6514776008023977,58.193089213,70.644315,3.227125719999975,66.00201416015625,4.237340927124023,1.7000000476837158,0.9959999918937684,42.2,98.0244140625,35,280.9225165722753,splinter:latency_exhaustive,800,17,max,True
0.603,444.296888531,2.234480169281304,2.234480169281304,444.296875586,0.0,0.0,0.0,0.0,0.0,0.0,20.5,0.0,36,1062.5381732033352,splinter:latency_exhaustive,800,22,std,False
0.603,442.812024096,2.227774758650696,2.227774758650696,442.812007411,0.0,0.0,0.0,0.0,0.0,0.0,20.5,0.0,37,2069.04539656878,splinter:latency_exhaustive,800,22,std,False
0.603,444.9349270400001,2.2382696492542027,2.2382696492542027,444.934912521,0.0,0.0,0.0,0.0,0.0,0.0,20.6,0.0,38,1076.2456365234257,splinter:latency_exhaustive,800,22,std,False
0.603,443.027495539,2.2290779677782537,2.2290779677782537,443.027481835,0.0,0.0,0.0,0.0,0.0,0.0,20.5,0.0,39,5026.8,splinter:latency_exhaustive,800,22,std,False
0.603,442.604885638,2.2272458231763004,2.2272458231763004,442.604871342,0.0,0.0,0.0,0.0,0.0,0.0,20.5,0.0,40,2737.824797428054,splinter:latency_exhaustive,800,22,std,False
0.603,443.507157487,2.231211881424344,2.231211881424344,443.507145228,0.0,0.0,0.0,0.0,0.0,0.0,20.5,0.0,41,901.276402434922,splinter:latency_exhaustive,800,22,std,False
0.609,130.30450495,64.79144244922227,0.6465221001011731,58.382293575000006,68.406781,3.515430374999994,64.1449203491211,4.097433090209961,1.7000000476837158,0.9950000047683716,42.3,98.0244140625,43,291.2074084777813,splinter:latency_exhaustive,800,17,max,True
0.603,443.116440583,2.2282632046780586,2.2282632046780586,443.11642586,0.0,0.0,0.0,0.0,0.0,0.0,20.4,0.0,44,1127.542785716662,splinter:latency_exhaustive,800,22,std,False
0.603,443.43796099,2.231094626105463,2.231094626105463,443.437948361,0.0,0.0,0.0,0.0,0.0,0.0,20.5,0.0,45,775.7406038118551,splinter:latency_exhaustive,800,22,std,False
0.609,130.306932721,64.56782832709271,0.6453086432548284,58.156764461,68.78011,3.3700582600000217,63.92251968383789,4.1172637939453125,1.7000000476837158,0.9959999918937684,42.3,98.0244140625,46,327.43148734354304,splinter:latency_exhaustive,800,17,max,True
0.603,442.608784564,2.226078854758096,2.226078854758096,442.608770286,0.0,0.0,0.0,0.0,0.0,0.0,20.5,0.0,47,1266.4902689855503,splinter:latency_exhaustive,800,22,std,False
0.603,442.84125839,2.2288585957803724,2.2288585957803724,442.841244983,0.0,0.0,0.0,0.0,0.0,0.0,20.5,0.0,48,1074.0114553075275,splinter:latency_exhaustive,800,22,std,False
0.603,443.21528582,2.23062201627748,2.23062201627748,443.21527258,0.0,0.0,0.0,0.0,0.0,0.0,20.6,0.0,49,2307.330236718428,splinter:latency_exhaustive,800,22,std,False
0.603,434.023951592,2.2879632873286244,2.2879632873286244,434.023940518,0.0,0.0,0.0,0.0,0.0,0.0,14.1,0.0,30,428.3201012301792,splinter:latency_exhaustive,1400,22,max,False
0.603,430.425806316,2.2441852542900684,2.2441852542900684,430.425794483,0.0,0.0,0.0,0.0,0.0,0.0,17.5,0.0,42,438.448475326602,splinter:latency_exhaustive,1000,22,max,False
