latency,energy,avg energy edge (J),avg latency edge (ms),avg latency cloud (ms),avg latency transfer (ms),avg energy cloud (J),avg energy cloud gpu (J),utilization cloud cpu (%),utilization cloud gpu (%),utilization edge cpu (%),tensor size (KB),cpu-freq,layer,edge-accelerator,server-accelerator
186.928416355,91.48624263457394,0.4688781326208114,76.35454462199999,99.522917,11.050954732999998,91.01736450195312,6.778214931488037,1.7000000476837158,10.696000099182127,38.4,591.021484375,600.0,3.0,off,True
185.148172224,90.65488993977576,0.4637278304007769,76.04511756800001,98.39018,10.712874655999997,90.191162109375,6.718716144561768,1.7999999523162842,10.82800006866455,38.4,591.021484375,600.0,3.0,off,True
187.084475888,90.933865041246,0.4670605368514657,75.73932894400001,98.624401,12.720745944,90.46680450439452,6.735803127288818,1.7000000476837158,10.803999900817873,38.3,591.021484375,600.0,3.0,off,True
940.057486109,90.55628685445,3.2824984023015493,831.23850937,96.105138,12.713838739000051,87.27378845214844,6.432030200958252,1.7000000476837158,9.479000091552734,25.6,591.021484375,1400.0,6.0,off,True
933.964307044,90.52961832915588,3.274598187554324,827.371259719,96.023783,10.569264325000049,87.25502014160156,6.421205997467041,1.7999999523162842,9.458000183105469,25.6,591.021484375,1400.0,6.0,off,True
934.75763559,88.35449978379782,3.277572598739231,830.516887955,93.706232,10.534515635000048,85.0769271850586,6.276394844055176,1.7000000476837158,9.687000274658203,25.6,591.021484375,1400.0,6.0,off,True
199.55387031,90.30144222859452,0.5754824507624865,38.608322886,97.916577,63.02897042400001,89.72595977783203,6.674293041229248,1.7000000476837158,10.885000228881836,38.2,591.021484375,1400.0,4.0,off,True
150.17217011000002,90.35450880823616,0.4433759957361578,38.328146389,97.948443,13.89558072100003,89.9111328125,6.676064014434815,1.7000000476837158,10.887999534606934,38.4,591.021484375,1400.0,4.0,off,True
3313.936318957,87.2440607190498,11.280208790338865,3219.173084243,84.196739,10.566495713999744,75.96385192871094,5.31871509552002,1.7000000476837158,5.938000202178955,25.2,591.021484375,1200.0,11.0,off,True
3315.652042049,85.88435961638633,11.29451586638633,3222.153823332,82.517585,10.980633716999876,74.58984375,5.235986232757568,1.7000000476837158,6.015999794006348,25.2,591.021484375,1200.0,11.0,off,True
1126.0813299289998,89.12776495829317,4.720767277629113,1007.485720138,92.90636,25.68924979099978,84.40699768066406,6.138213157653809,1.7000000476837158,8.916999816894531,25.4,591.021484375,1800.0,7.0,off,True
1112.7557935139998,90.84566483326776,4.69199356861931,1006.333548984,94.674795,11.747449529999828,86.15367126464844,6.237796783447266,1.7000000476837158,8.722000122070312,25.5,591.021484375,1800.0,7.0,off,True
4033.983040666,82.57233905323663,17.43429278858819,3930.112913831,72.997958,30.872168835000068,65.13804626464844,4.29618501663208,1.7000000476837158,0.0,25.1,591.021484375,1800.0,17.0,off,False
4000.009090737,82.69989148245256,17.331818972686936,3916.223216167,72.957699,10.828175570000028,65.36807250976562,4.293208122253418,1.7000000476837158,0.0,25.1,591.021484375,1800.0,17.0,off,False
141.55928067,90.53275554865536,0.4686457464092612,32.330615166,98.725872,10.502793503999996,90.0641098022461,6.676778793334961,1.7000000476837158,10.788999557495115,38.2,591.021484375,1800.0,3.0,off,True
140.467092356,89.49974131368197,0.4638450124124288,32.117566085,98.151622,10.197904271,89.03589630126953,6.656578063964844,1.7999999523162842,10.854999542236328,38.5,591.021484375,1800.0,3.0,off,True
133.558466295,92.41488552998968,0.4084081740326643,20.797591804,101.390802,11.370072490999988,92.00647735595705,6.8118391036987305,1.7000000476837158,10.517999649047852,39.0,588.025390625,1800.0,0.0,off,True
3920.604364565,18.429247210164608,18.429247210164608,3920.604355214,0.0,0.0,0.0,0.0,0.0,0.0,25.1,0.0,1800.0,19.0,off,False
4389.100825075,81.72010808267136,18.62712865151901,4308.991191352,70.183806,9.925827723000111,63.09297943115234,4.192638874053955,1.7000000476837158,0.0,25.1,591.021484375,1600.0,16.0,off,True
115.834311247,89.46496094091775,0.3673733554685354,8.289238967,97.251392,10.29368027999999,89.09758758544922,6.657328128814697,1.7000000476837158,11.128999710083008,86.3,588.025390625,1400.0,0.0,off,True
3292.5445313060004,85.51364764266415,12.342177000574305,3201.422681409,80.598549,10.523300897000624,73.17147064208984,5.154575824737549,1.7999999523162842,6.164999961853027,25.2,591.021484375,1200.0,11.0,off,True
118.515143482,90.3822320098304,0.4049370879553914,10.520293118,97.903869,10.090981364,89.977294921875,6.699307918548584,1.7000000476837158,11.031999588012695,79.3,588.025390625,1800.0,0.0,off,True
3919.886247604,18.42002385864557,18.42002385864557,3919.88623853,0.0,0.0,0.0,0.0,0.0,0.0,25.1,0.0,1800.0,19.0,off,False
4381.643740402001,81.30590756015441,18.58763058261535,4301.5454150430005,69.853104,10.245221359000226,62.71827697753906,4.146371841430664,1.7000000476837158,0.0,25.1,591.021484375,1600.0,16.0,off,True
115.368152401,88.18340367454955,0.3648383058972119,8.366891735000001,96.364257,10.637003665999998,87.81856536865234,6.591385841369629,1.7999999523162842,11.184000015258787,85.7,588.025390625,1400.0,0.0,off,True
149.586709234,89.86770777490653,0.4842696645549655,42.612426064000005,97.734447,9.239836170000004,89.38343811035156,6.676736831665039,1.7999999523162842,11.026000022888184,38.4,591.021484375,1200.0,4.0,off,True
116.412138584,90.51225148015897,0.3982530670730233,7.640825610999999,98.788551,9.98276197300001,90.11399841308594,6.754405975341797,1.7000000476837158,10.965999603271484,80.9,588.025390625,1800.0,0.0,off,True
3925.956554131,18.43268456954387,18.43268456954387,3925.956544261,0.0,0.0,0.0,0.0,0.0,0.0,25.1,0.0,1800.0,19.0,off,False
4386.723909765999,81.3409830230897,18.614061941546737,4306.095313849,69.886631,10.74196491699908,62.72692108154297,4.147194862365723,1.7000000476837158,0.0,25.1,591.021484375,1600.0,16.0,off,True
115.734810281,88.92292866575708,0.3657234655617714,8.278986693,97.222813,10.233010588000012,88.55720520019531,6.634613037109375,1.7000000476837158,11.107999801635742,86.4,588.025390625,1400.0,0.0,off,True
149.11171385100002,87.61917547745101,0.48354010147444,42.655555688,95.849014,10.60714416300003,87.13563537597656,6.551982879638672,1.7999999523162842,11.190999984741213,38.4,591.021484375,1200.0,4.0,off,True
114.612819477,89.0013032072666,0.3924698942783236,7.612640453,97.097917,9.90226202400001,88.60883331298828,6.637462139129639,1.7999999523162842,11.07800006866455,82.0,588.025390625,1800.0,0.0,off,True
3916.106065353,18.39660460231555,18.39660460231555,3916.106056075,0.0,0.0,0.0,0.0,0.0,0.0,25.1,0.0,1800.0,19.0,off,False
4392.926153155,82.81169742998605,18.63154453691965,4310.8998946110005,71.106624,10.919634543999578,64.1801528930664,4.218766212463379,1.7000000476837158,0.0,25.1,591.021484375,1600.0,16.0,off,True
118.441229072,89.17481668059096,0.3746839291261196,10.613198564,97.085144,10.742886507999998,88.80013275146484,6.611081123352051,1.7999999523162842,11.098999977111816,85.2,588.025390625,1400.0,0.0,off,True
2080.656521263,86.17348320008654,9.617216415418566,1985.263946632,84.479547,10.913027630999892,76.55626678466797,5.402866840362549,1.7000000476837158,6.921999931335449,25.2,591.021484375,1800.0,10.0,off,True
116.019109339,88.2384987180841,0.3999672239434719,7.645140673999999,96.843793,11.530175664999987,87.83853149414062,6.570437908172607,1.7999999523162842,11.125,81.1,588.025390625,1800.0,0.0,off,True
3932.072953268,16.715343819184206,16.715343819184206,3932.072943398,0.0,0.0,0.0,0.0,0.0,0.0,25.1,0.0,1800.0,19.0,off,False
4377.020970587,82.70290449585436,18.371445450444195,4296.118548269,70.391538,10.510884318000391,64.33145904541016,4.142115116119385,1.7000000476837158,0.0,25.1,591.021484375,1600.0,16.0,off,True
118.881883661,92.95709317602976,0.3729256955610155,8.341182729,99.875748,10.664952932000006,92.58416748046876,6.715205192565918,1.7000000476837158,10.67199993133545,86.0,588.025390625,1400.0,0.0,off,True
155.05945164,93.8884078359513,0.4983855581192613,43.379098513,100.660943,11.019410126999986,93.39002227783205,6.757682800292969,1.7000000476837158,10.593999862670898,38.3,591.021484375,1200.0,4.0,off,True
118.277987944,92.86346419500887,0.4007948224502802,7.695913809999999,99.654097,10.927977134000017,92.4626693725586,6.708868980407715,1.7999999523162842,10.696000099182127,80.6,588.025390625,1800.0,0.0,off,True
3921.961286738,18.19895334792459,18.19895334792459,3921.961277571,0.0,0.0,0.0,0.0,0.0,0.0,25.1,0.0,1800.0,19.0,off,False
4386.651411694001,79.3972378300716,17.011526160149728,4297.099594734999,69.097566,20.45425095900137,62.38571166992188,4.095417022705078,1.7000000476837158,0.0,25.1,591.021484375,1600.0,16.0,off,True
120.329080302,90.65487611246486,0.339476942542994,10.659110699,99.239155,10.430814603000002,90.31539916992188,6.73521614074707,1.7000000476837158,10.897000312805176,85.8,588.025390625,1400.0,0.0,off,True
153.682454745,91.708985494695,0.4446269741871833,42.769047126,100.215679,10.697728619000005,91.2643585205078,6.788864135742188,1.7999999523162842,10.6899995803833,38.1,591.021484375,1200.0,4.0,off,True
117.282003814,90.92350275277968,0.3602932190882802,7.76258397,99.370265,10.149154843999996,90.5632095336914,6.749200820922852,1.7000000476837158,10.815999984741213,79.9,588.025390625,1800.0,0.0,off,True
3926.77561343,17.021676482308973,17.021676482308973,3926.775603707,0.0,0.0,0.0,0.0,0.0,0.0,25.1,0.0,1800.0,19.0,off,False
4417.260620179,79.26243839428048,17.143725015374233,4303.258724433,68.640981,45.36091474599972,62.11871337890625,4.073919773101807,1.7000000476837158,0.0,25.1,591.021484375,1600.0,16.0,off,True
117.190161587,90.39726201758224,0.3310083554728627,8.453066863,98.394032,10.343062723999992,90.06625366210938,6.726884841918945,1.7000000476837158,11.090999603271484,85.5,588.025390625,1400.0,0.0,off,True
2747.592300632,90.1136866436322,8.39116009333924,2647.5352128060003,89.732083,10.325004825999583,81.72252655029297,5.926411151885986,1.7000000476837158,8.376999855041504,25.3,591.021484375,800.0,8.0,off,True
118.713592928,89.71365973700264,0.3640122150299906,10.551934679,97.772837,10.388821249000005,89.34964752197266,6.716403961181641,1.7000000476837158,11.118000030517578,79.8,588.025390625,1800.0,0.0,off,True
3920.921422738,16.966317024394133,16.966317024394133,3920.921413627,0.0,0.0,0.0,0.0,0.0,0.0,25.1,0.0,1800.0,19.0,off,False
4472.287225041,81.02350887732528,17.29147610144638,4342.87470967,70.233675,59.17884037100015,63.732032775878906,4.199380874633789,1.7000000476837158,0.0,25.1,591.021484375,1600.0,16.0,off,True
133.658465058,91.06500453867297,0.3749105445323228,10.613940292,98.6584,24.386124765999995,90.69009399414062,6.755005836486816,1.7000000476837158,10.914999961853027,85.8,588.025390625,1400.0,0.0,off,True
150.760616926,89.59783454230322,0.4364270716000915,42.613105381,97.748979,10.398532545000007,89.16140747070312,6.699307918548584,1.7000000476837158,10.949999809265137,38.1,591.021484375,1200.0,4.0,off,True
117.216315429,89.9507126142104,0.3599762250502467,7.855038372,98.07803,11.283247057000011,89.59073638916016,6.728367805480957,1.7999999523162842,10.935999870300291,79.2,588.025390625,1800.0,0.0,off,True
3945.808347055,17.037544049460053,17.037544049460053,3945.808337741,0.0,0.0,0.0,0.0,0.0,0.0,25.1,0.0,1800.0,19.0,off,False
4394.338682838001,78.80622330422315,17.067522437523937,4310.517815976,69.150368,14.670498862000912,61.73870086669922,4.103220939636231,1.7000000476837158,0.0,25.1,591.021484375,1600.0,16.0,off,True
117.227726796,90.01756140659732,0.3310761160699844,8.214055582,98.672895,10.340776214000002,89.68648529052734,6.727818965911865,1.7000000476837158,10.91100025177002,86.8,588.025390625,1400.0,0.0,off,True
2750.457311541,90.49433755981012,8.39488840209527,2649.3942380050003,90.420248,10.642825535999592,82.09944915771484,5.938870906829834,1.7000000476837158,8.279999732971191,25.3,591.021484375,800.0,8.0,off,True
116.205207892,90.08312038571512,0.3561840453830957,7.72130657,97.96278,10.521121322000011,89.72693634033203,6.700772762298584,1.7000000476837158,10.98799991607666,80.5,588.025390625,1800.0,0.0,off,True
3921.275379886,16.95207686930542,16.95207686930542,3921.275370164,0.0,0.0,0.0,0.0,0.0,0.0,25.1,0.0,1800.0,19.0,off,False
4395.927733983,80.75669490969457,17.066082116725827,4295.757491547,70.987449,29.18279343600008,63.69061279296875,4.1994309425354,1.7000000476837158,0.0,25.1,591.021484375,1600.0,16.0,off,True
117.257840841,90.70475426271872,0.3300060327382445,8.2371139,98.779755,10.240971941000012,90.37474822998048,6.7046990394592285,1.7999999523162842,10.90999984741211,86.5,588.025390625,1400.0,0.0,off,True
151.073694203,89.30105966608893,0.437663975170958,43.215421888,97.429197,10.429075315000006,88.86339569091797,6.628122806549072,1.7999999523162842,10.989999771118164,38.2,591.021484375,1200.0,4.0,off,True
118.230209467,90.59362952733444,0.3616272690336585,7.689604405,99.532425,11.008180061999994,90.23200225830078,6.760081768035889,1.7000000476837158,10.857000350952148,80.6,588.025390625,1800.0,0.0,off,True
3921.526279695,16.975419975983012,16.975419975983012,3921.526270029,0.0,0.0,0.0,0.0,0.0,0.0,25.1,0.0,1800.0,19.0,off,False
4423.332090587,82.0771394679615,18.53789004779549,4343.478823706,68.759675,11.093591880999398,63.539249420166016,4.049575805664063,1.7000000476837158,0.0,25.1,591.021484375,1600.0,16.0,off,True
117.535001964,92.03162193183746,0.3690471637710571,8.375387565,98.608276,10.551338399000002,91.6625747680664,6.674498081207275,1.7999999523162842,10.920000076293944,84.6,588.025390625,1400.0,0.0,off,True
119.604730645,92.25399291141969,0.3741863928649902,10.593845359,98.176795,10.834090285999991,91.87980651855467,6.650284767150879,1.7999999523162842,10.939000129699709,85.8,588.025390625,1400.0,0.0,off,True
128.126605444,94.5060904828261,0.3928550091932892,15.655763380000002,100.837102,11.633740064000008,94.1132354736328,6.795200824737549,1.7000000476837158,10.5600004196167,39.7,588.025390625,1800.0,0.0,off,True
3930.451965882,17.01399324002385,17.01399324002385,3930.45195629,0.0,0.0,0.0,0.0,0.0,0.0,25.1,0.0,1800.0,19.0,off,False
4400.4066128330005,80.45570929875865,17.138280709891465,4320.318393195,68.92572,11.16249963800074,63.31742858886719,4.05599308013916,1.7000000476837158,0.0,25.1,591.021484375,1600.0,16.0,off,True
116.790881638,91.3218706822674,0.3305376744549036,8.361466315000001,98.006153,10.423262323000005,90.9913330078125,6.618875980377197,1.7000000476837158,10.949000358581545,85.8,588.025390625,1400.0,0.0,off,True
4377.287290088,79.91233386186622,17.073333159961916,4296.493270798001,69.107379,11.686640289999602,62.8390007019043,4.066675186157227,1.7000000476837158,0.0,25.1,591.021484375,1600.0,16.0,off,True
119.258015632,91.83574063882617,0.3690887223222613,10.549101655,98.57049,10.138423976999988,91.4666519165039,6.6488871574401855,1.7000000476837158,10.888999938964844,80.3,588.025390625,1800.0,0.0,off,True
3918.5343722,16.706012247080775,16.706012247080775,3918.534362867,0.0,0.0,0.0,0.0,0.0,0.0,25.1,0.0,1800.0,19.0,off,False
4380.781071259,83.04532088182032,16.806726826644528,4296.068118181,73.314368,11.39858507800028,66.23859405517578,4.350039958953857,1.7000000476837158,0.0,25.1,591.021484375,1600.0,16.0,off,True
124.613744829,94.73998588215169,0.3476824153548122,10.656032971999998,103.657634,10.300077856999993,94.39230346679688,7.007233142852783,1.7000000476837158,10.20400047302246,85.2,588.025390625,1400.0,0.0,off,True
4392.819030543,82.96389840881008,16.850952852169456,4308.827534141,73.010159,10.981337401999935,66.11294555664062,4.369397163391113,1.7000000476837158,0.0,25.1,591.021484375,1600.0,16.0,off,True
123.506041711,94.56061508241264,0.3772120672759413,10.542688854,102.443249,10.520103856999995,94.18340301513672,6.996553897857666,1.7000000476837158,10.36299991607666,80.6,588.025390625,1800.0,0.0,off,True
3910.64301177,16.701674908954118,16.701674908954118,3910.643001789,0.0,0.0,0.0,0.0,0.0,0.0,25.1,0.0,1800.0,19.0,off,False
4444.5184165480005,83.78908941770123,17.001690125709043,4303.632675673,73.768604,67.11713687500001,66.78739929199219,4.378339767456055,1.7000000476837158,0.0,25.1,591.021484375,1600.0,16.0,off,True
156.22789633000002,92.942050345783,0.4353441079900145,8.307926362,101.776763,46.14320696800003,92.50670623779295,6.913451194763184,1.7000000476837158,10.427000045776367,85.6,588.025390625,1400.0,0.0,off,True
2798.403662005,92.78460870429409,8.44815240546596,2659.230259501,92.972265,46.20113750400003,84.33645629882812,6.083653926849365,1.7000000476837158,7.952000141143799,25.3,591.021484375,800.0,8.0,off,True
167.879120754,94.83516822300868,0.5060590311141491,10.634200293,103.57098,53.673940461000015,94.32910919189452,7.016672134399414,1.7000000476837158,10.303999900817873,81.8,588.025390625,1800.0,0.0,off,True
3931.642010851,16.770359078911163,16.770359078911163,3931.642001426,0.0,0.0,0.0,0.0,0.0,0.0,25.1,0.0,1800.0,19.0,off,False
4421.334209482,81.90978212611873,16.942031576802325,4307.718372609999,72.509325,41.10651187200072,64.9677505493164,4.303424835205078,1.7000000476837158,0.0,25.1,591.021484375,1600.0,16.0,off,True
121.234509588,94.18891779103464,0.3391558281440138,8.387240344,102.558294,10.288975243999984,93.84976196289062,6.954843997955322,1.7000000476837158,10.37399959564209,85.7,588.025390625,1400.0,0.0,off,True
144.184509079,93.50390335692312,0.4647569335832834,32.239446873,101.499624,10.44543820600002,93.03914642333984,6.882968902587891,1.7000000476837158,10.40999984741211,38.4,591.021484375,1800.0,3.0,off,True
121.066160833,94.47790784734792,0.3684565534026146,7.708117082,102.854755,10.503288751,94.10945129394533,6.980588912963867,1.7000000476837158,10.284000396728516,81.2,588.025390625,1800.0,0.0,off,True
3923.076123404,16.73694963866923,16.73694963866923,3923.07611409,0.0,0.0,0.0,0.0,0.0,0.0,25.1,0.0,1800.0,19.0,off,False
4386.798125081001,84.79059509239482,16.834540404894817,4301.116780649,75.213897,10.467447432000512,67.9560546875,4.463232040405273,1.7000000476837158,0.0,25.1,591.021484375,1600.0,16.0,off,True
120.956247444,94.18399977884752,0.3379685898826599,8.318160364,102.589211,10.048876079999983,93.84603118896484,6.939137935638428,1.7000000476837158,10.32699966430664,86.2,588.025390625,1400.0,0.0,off,True
2079.739345295,87.97640747726236,8.736241766813135,1980.51822125,87.656645,11.564479045000128,79.24016571044922,5.605259895324707,1.7000000476837158,6.584000110626221,25.2,591.021484375,1800.0,10.0,off,True
120.5865044,93.31098088233044,0.3697958847718477,7.806066968,102.227473,10.55296443200001,92.9411849975586,6.910635948181152,1.7000000476837158,10.345999717712402,79.8,588.025390625,1800.0,0.0,off,True
3922.582562238,16.74875586176008,16.74875586176008,3922.582552627,0.0,0.0,0.0,0.0,0.0,0.0,25.1,0.0,1800.0,19.0,off,False
4406.21509106,81.0313625361275,16.868764879877503,4320.987488328,69.644082,15.58352073200038,64.16259765625,4.131221771240234,1.7000000476837158,0.0,25.1,591.021484375,1600.0,16.0,off,True
120.392510674,91.9548411133726,0.3367686036069631,10.649966401,98.438881,11.303663272999998,91.61807250976562,6.598113059997559,1.7000000476837158,11.032999992370604,86.0,588.025390625,1400.0,0.0,off,True
1112.808172648,89.35342254160784,4.59546508311175,1010.244231579,90.805371,11.758570068999958,84.7579574584961,5.97166109085083,1.7000000476837158,9.12600040435791,25.4,591.021484375,1800.0,7.0,off,True
120.129259453,93.49415442944073,0.3684983015110254,7.705557449,100.284307,12.139395003999994,93.12565612792967,6.758187770843506,1.7000000476837158,10.75100040435791,81.2,588.025390625,1800.0,0.0,off,True
3925.443200856,16.760632716521144,16.760632716521144,3925.443191319,0.0,0.0,0.0,0.0,0.0,0.0,25.1,0.0,1800.0,19.0,off,False
4389.513704849,81.86797419209488,16.812065988969874,4302.255706819,70.545425,16.71257302999973,65.055908203125,4.151031970977783,1.7000000476837158,0.0,25.1,591.021484375,1600.0,16.0,off,True
117.992892121,93.38874426711796,0.3304709516882896,8.432058999,99.546963,10.013870122,93.05827331542967,6.700771808624268,1.7000000476837158,10.744000434875488,86.0,588.025390625,1400.0,0.0,off,True
4373.960919484,81.11649113890019,16.793836414779094,4293.080296111,70.078813,10.801810373000166,64.3226547241211,4.12401819229126,1.7000000476837158,0.0,25.1,591.021484375,1600.0,16.0,off,True
118.396993925,92.42406714171376,0.3635202667137504,7.826698139999999,99.029823,11.540472785000006,92.060546875,6.689435958862305,1.7000000476837158,10.82699966430664,79.9,588.025390625,1800.0,0.0,off,True
3917.466806234,16.741866589965593,16.741866589965593,3917.466795975,0.0,0.0,0.0,0.0,0.0,0.0,25.1,0.0,1800.0,19.0,off,False
4379.42562109,78.97620957524572,16.825311595509387,4299.585261528,68.992932,10.847427562000236,62.15089797973633,4.093091011047363,1.7000000476837158,0.0,25.1,591.021484375,1600.0,16.0,off,True
117.309234986,90.01807678224986,0.3290127563709616,8.356776349999999,98.581805,10.370653636,89.6890640258789,6.721756935119629,1.7000000476837158,11.02400016784668,85.9,588.025390625,1400.0,0.0,off,True
4369.37746255,79.26818622001227,16.81459201224859,4282.430660714001,69.200595,17.746206835999388,62.45359420776367,4.098836898803711,1.7999999523162842,0.0,25.1,591.021484375,1600.0,16.0,off,True
116.256773122,90.12182385488084,0.3576255516581774,7.722801609,98.119963,10.414008513,89.76419830322266,6.673241138458252,1.7000000476837158,11.005000114440918,80.9,588.025390625,1800.0,0.0,off,True
3924.098232012,16.801596649457636,16.801596649457636,3924.098222087,0.0,0.0,0.0,0.0,0.0,0.0,25.1,0.0,1800.0,19.0,off,False
4415.882495991,79.24066743639406,16.968271348747574,4296.323928350001,68.780182,50.778385640999176,62.27239608764648,4.114850044250488,1.7000000476837158,0.0,25.1,591.021484375,1600.0,16.0,off,True
116.726383461,90.09006219435992,0.3275194697505474,8.228982322,98.104741,10.392660139,89.76254272460938,6.722404003143311,1.7000000476837158,10.97599983215332,86.7,588.025390625,1400.0,0.0,off,True
4018.471798142,80.56723268817932,17.095732291450798,3936.88971088,70.179124,11.402963262000185,63.47150039672852,4.167102813720703,1.7999999523162842,0.0,25.1,591.021484375,1800.0,17.0,off,False
118.281807218,89.54672120940444,0.3645160092091322,10.61340519,97.319706,10.348696028000006,89.18220520019531,6.678738117218018,1.7000000476837158,11.086000442504885,80.1,588.025390625,1800.0,0.0,off,True
3933.549078582,16.837901321354472,16.837901321354472,3933.549068527,0.0,0.0,0.0,0.0,0.0,0.0,25.1,0.0,1800.0,19.0,off,False
4408.260227253,79.89248482923611,16.94165627699001,4299.60717234,69.422767,39.23028791300024,62.950828552246094,4.12355899810791,1.7000000476837158,0.0,25.1,591.021484375,1600.0,16.0,off,True
116.611059965,89.87010227939368,0.3267444302725791,8.34525321,97.803794,10.462012755000018,89.5433578491211,6.695407867431641,1.7999999523162842,11.039999961853027,86.4,588.025390625,1400.0,0.0,off,True
152.75670434900002,89.91983811218203,0.4397432025140643,42.734151811,98.248871,11.77368153800002,89.48009490966797,6.708783149719238,1.7999999523162842,10.890000343322754,38.4,591.021484375,1200.0,4.0,off,True
122.585588671,92.78353075715565,0.3729243728783011,10.519159508,100.516633,11.54979616300001,92.41060638427734,6.861063003540039,1.7000000476837158,10.729999542236328,81.3,588.025390625,1800.0,0.0,off,True
3928.06817878,16.817458883701562,16.817458883701562,3928.068168595,0.0,0.0,0.0,0.0,0.0,0.0,25.1,0.0,1800.0,19.0,off,False
4400.71158437,78.8674985634208,16.91954247821572,4290.632840046,69.180542,40.89820232400058,61.94795608520508,4.104783058166504,1.7000000476837158,0.0,25.1,591.021484375,1600.0,16.0,off,True
118.750589142,89.55157140897037,0.3328519265484929,10.629497196,97.774962,10.346129946000003,89.21871948242188,6.666855812072754,1.7000000476837158,11.010000228881836,86.0,588.025390625,1400.0,0.0,off,True
2076.95232746,84.4600993681928,8.764786868192804,1983.652297801,83.237685,10.062344659000075,75.6953125,5.340664863586426,1.7000000476837158,6.9710001945495605,25.2,591.021484375,1800.0,10.0,off,True
118.293573629,89.05730967272844,0.36473612536515,10.567427209,97.706673,10.019473419999995,88.69257354736328,6.645680904388428,1.7999999523162842,11.017999649047852,81.7,588.025390625,1800.0,0.0,off,True
3926.014948339,16.818600892358912,16.818600892358912,3926.014938914,0.0,0.0,0.0,0.0,0.0,0.0,25.1,0.0,1800.0,19.0,off,False
4403.413331087,80.52906324200418,16.934733408019817,4295.928707863,71.231582,36.25304122400064,63.594329833984375,4.225887775421143,1.7000000476837158,0.0,25.1,591.021484375,1600.0,16.0,off,True
119.687505545,90.03592601811205,0.3358222583464265,10.588953016,98.370227,10.728325529000005,89.70010375976562,6.692286968231201,1.7000000476837158,10.906000137329102,86.7,588.025390625,1400.0,0.0,off,True
147.164475658,90.1984199100968,0.4328101688858509,38.315006184,98.231042,10.618427473999986,89.76560974121094,6.684447765350342,1.7999999523162842,10.855999946594238,38.3,591.021484375,1400.0,4.0,off,True
116.086544349,90.09094464148625,0.3551734622870087,7.825345487,98.55339,9.707808862000022,89.73577117919922,6.714005947113037,1.7000000476837158,10.87600040435791,80.0,588.025390625,1800.0,0.0,off,True
3938.663644251,16.857581301051834,16.857581301051834,3938.663633936,0.0,0.0,0.0,0.0,0.0,0.0,25.1,0.0,1800.0,19.0,off,False
4387.644473872,82.4247884449354,16.90450951427134,4304.240110930999,72.71363,10.690732941000732,65.52027893066406,4.308901786804199,1.7000000476837158,0.0,25.1,591.021484375,1600.0,16.0,off,True
117.321460081,83.09036818292196,0.3298319890743018,8.310975902,98.729583,10.280901178999995,82.76053619384766,6.702188968658447,1.7000000476837158,10.904999732971191,87.3,588.025390625,1400.0,0.0,off,True
1110.381548374,88.97349132088802,4.607143054286456,1007.301387602,93.091551,9.988609772000004,84.36634826660156,6.148013114929199,1.7000000476837158,8.937999725341797,25.4,591.021484375,1800.0,7.0,off,True
115.331985406,89.55153717152177,0.3553244029670834,7.62822645,97.569478,10.134280955999998,89.19621276855469,6.647058963775635,1.7000000476837158,11.02299976348877,81.6,588.025390625,1800.0,0.0,off,True
3931.002857575,16.85809406508452,16.85809406508452,3931.002847667,0.0,0.0,0.0,0.0,0.0,0.0,25.1,0.0,1800.0,19.0,off,False
4369.700628391,78.45211796031725,16.86148456798327,4290.879041394,68.268682,10.552904996999942,61.590633392333984,4.0506768226623535,1.7000000476837158,0.0,25.1,591.021484375,1600.0,16.0,off,True
116.445541053,89.69783141087773,0.3283322043347597,8.377393616,97.933065,10.135082436999994,89.36949920654297,6.680759906768799,1.7999999523162842,10.996999740600586,85.8,588.025390625,1400.0,0.0,off,True
151.66472359099998,89.6163714194139,0.4380953574021816,43.02124958,97.616957,11.026517010999996,89.17827606201172,6.663003921508789,1.7999999523162842,10.970999717712402,38.4,591.021484375,1200.0,4.0,off,True
116.092908827,89.62046008188382,0.3554606922353864,7.656390825,98.050717,10.385801001999994,89.26499938964844,6.698277950286865,1.7000000476837158,11.053999900817873,80.6,588.025390625,1800.0,0.0,off,True
3917.575496936,16.796810209027303,16.796810209027303,3917.575486843,0.0,0.0,0.0,0.0,0.0,0.0,25.1,0.0,1800.0,19.0,off,False
4429.356475369001,78.67670156183699,17.030549065499105,4317.471989747,68.850275,43.0342106220012,61.64615249633789,4.061830043792725,1.7000000476837158,0.0,25.1,591.021484375,1600.0,16.0,off,True
131.536850197,89.1638517837894,0.367152259863615,8.324260756,97.480513,25.732076441000004,88.79669952392578,6.619025230407715,1.7999999523162842,11.032999992370604,86.3,588.025390625,1400.0,0.0,off,True
2080.622924522,84.29000421277408,8.771693665899074,1985.811440304,83.567212,11.244272218000262,75.518310546875,5.369764804840088,1.7999999523162842,6.964000225067139,25.2,591.021484375,1800.0,10.0,off,True
120.211217289,90.83502014451216,0.3697262602348089,10.569720216,99.316926,10.324571073000016,90.46529388427734,6.744548797607422,1.7000000476837158,10.871999740600586,80.5,588.025390625,1800.0,0.0,off,True
3937.566089633,16.86681420006497,16.86681420006497,3937.566080541,0.0,0.0,0.0,0.0,0.0,0.0,25.1,0.0,1800.0,19.0,off,False
4409.182802034001,79.05124060277312,16.965837160390304,4297.314757153,69.176718,42.691326881000975,62.08540344238281,4.096489906311035,1.7000000476837158,0.0,25.1,591.021484375,1600.0,16.0,off,True
117.286395724,90.09836289081753,0.3289842287081361,8.27823929,98.42996,10.578196434000006,89.76937866210938,6.685328960418701,1.7999999523162842,10.979000091552734,86.4,588.025390625,1400.0,0.0,off,True
2081.384989953,84.03602511576375,8.783865997111404,1986.658755723,83.196764,11.529470230000044,75.25215911865234,5.34650182723999,1.7000000476837158,6.965000152587891,25.2,591.021484375,1800.0,10.0,off,True
116.785090714,90.9144942979249,0.3602721909913063,7.685644022,99.130552,9.968894692000006,90.5542221069336,6.735583782196045,1.7999999523162842,10.942999839782717,80.6,588.025390625,1800.0,0.0,off,True
3936.228662198,16.879568783822382,16.879568783822382,3936.228653253,0.0,0.0,0.0,0.0,0.0,0.0,25.1,0.0,1800.0,19.0,off,False
4424.273030857001,79.28067806510882,17.004028590011167,4314.722906725,69.465135,40.08498913200074,62.276649475097656,4.15198278427124,1.7000000476837158,0.0,25.1,591.021484375,1600.0,16.0,off,True
117.143856308,90.17715384043224,0.3289559034205317,8.287531053,98.64986,10.206465254999998,89.84819793701172,6.753058910369873,1.7999999523162842,10.946000099182127,85.8,588.025390625,1400.0,0.0,off,True
4386.784632402,78.90048042221768,16.892110976416898,4306.843937183,69.217228,10.723467219000185,62.00836944580078,4.108255863189697,1.7000000476837158,0.0,25.1,591.021484375,1600.0,16.0,off,True
117.091708587,90.93029816577824,0.360000924567306,7.693905366,98.930403,10.467400221000004,90.57029724121094,6.747482776641846,1.7000000476837158,10.923999786376951,80.8,588.025390625,1800.0,0.0,off,True
3938.579361447,16.880185544892942,16.880185544892942,3938.57935091,0.0,0.0,0.0,0.0,0.0,0.0,25.1,0.0,1800.0,19.0,off,False
4412.604824244,79.63050753001072,16.984641135967752,4303.085207735,69.42482,40.09479650900012,62.64586639404297,4.1286468505859375,1.7000000476837158,0.0,25.1,591.021484375,1600.0,16.0,off,True
117.655286911,90.9676868132137,0.330052535869956,8.376131734,98.630307,10.648848177000003,90.63763427734376,6.734786987304688,1.7000000476837158,10.89900016784668,85.8,588.025390625,1400.0,0.0,off,True
2751.280465617,88.23177046729802,8.346577596204268,2652.55117383,87.974586,10.754705787000418,79.88519287109375,5.798070907592773,1.7999999523162842,8.519000053405762,25.3,591.021484375,800.0,8.0,off,True
117.585267959,92.23275188231226,0.3585377099489808,7.581324877999999,100.017784,9.986159080999997,91.87421417236328,6.8237810134887695,1.7000000476837158,10.793999671936035,80.9,588.025390625,1800.0,0.0,off,True
3928.970616241,16.835090270949006,16.835090270949006,3928.970606926,0.0,0.0,0.0,0.0,0.0,0.0,25.1,0.0,1800.0,19.0,off,False
4452.8437080740005,79.32853520215318,17.095232132084824,4342.871092523,69.109058,40.86355755100067,62.23330307006836,4.135108947753906,1.7000000476837158,0.0,25.1,591.021484375,1600.0,16.0,off,True
117.219404975,90.93012669215324,0.3289761794579387,8.330015527,98.940097,9.949292447999994,90.60115051269533,6.7810959815979,1.7000000476837158,10.904999732971191,86.6,588.025390625,1400.0,0.0,off,True
932.79891602,87.48661410392494,3.234485502850712,829.705205811,91.890963,11.202747208999938,84.25212860107422,6.195652961730957,1.7999999523162842,9.947999954223633,25.6,591.021484375,1400.0,6.0,off,True
115.848848638,89.95547377284295,0.3555973690343499,7.584871001,98.028208,10.23576963699999,89.5998764038086,6.720104217529297,1.7000000476837158,10.984000205993652,82.8,588.025390625,1800.0,0.0,off,True
3944.676007207,16.891063742878583,16.891063742878583,3944.675997225,0.0,0.0,0.0,0.0,0.0,0.0,25.1,0.0,1800.0,19.0,off,False
4460.409058444,84.85144119413911,17.110138703904738,4326.022567106,75.020638,59.36585333800026,67.74130249023438,4.43417501449585,1.7000000476837158,0.0,25.1,591.021484375,1600.0,16.0,off,True
119.5036557,90.25037515902696,0.3344816043394685,10.596971337,98.497127,10.40955736299999,89.9158935546875,6.684062957763672,1.7000000476837158,10.888999938964844,85.8,588.025390625,1400.0,0.0,off,True
150.692075235,89.1304267252005,0.4345038736379981,42.673529473,97.587868,10.430677762000002,88.6959228515625,6.628797054290772,1.7999999523162842,10.960000038146973,38.2,591.021484375,1200.0,4.0,off,True
117.128170035,91.10796417712416,0.357643742553854,7.593799725999999,99.723572,9.810798308999992,90.75032043457033,6.76711893081665,1.7999999523162842,10.829999923706056,81.4,588.025390625,1800.0,0.0,off,True
3937.705755556,16.868014788405965,16.868014788405965,3937.70574576,0.0,0.0,0.0,0.0,0.0,0.0,25.1,0.0,1800.0,19.0,off,False
4417.364952396,79.55284602971913,17.003586843928122,4308.516935765,69.651716,39.19630063100007,62.549259185791016,4.098515033721924,1.7000000476837158,0.0,25.1,591.021484375,1600.0,16.0,off,True
117.262297332,89.89720080308494,0.3293220799404144,8.304564444,98.85348,10.104252888000005,89.56787872314453,6.674149036407471,1.7000000476837158,10.930999755859377,85.8,588.025390625,1400.0,0.0,off,True
4016.129929524,79.241463545231,17.101448896793496,3936.474384874,69.124035,10.531509650000132,62.1400146484375,4.07266092300415,1.7000000476837158,0.0,25.1,591.021484375,1800.0,17.0,off,False
116.330957237,90.21584048793278,0.3594562105890274,7.60567225,98.535167,10.190117987000008,89.85638427734375,6.693850040435791,1.7000000476837158,10.875,80.6,588.025390625,1800.0,0.0,off,True
3932.270100974,16.854604265069614,16.854604265069614,3932.270090993,0.0,0.0,0.0,0.0,0.0,0.0,25.1,0.0,1800.0,19.0,off,False
4400.175757319999,84.69697828414095,16.95395918013705,4314.439095916,75.299802,10.43685940399928,67.7430191040039,4.4469170570373535,1.7000000476837158,0.0,25.1,591.021484375,1600.0,16.0,off,True
116.68476651,90.04421220913481,0.3281630147988796,8.232128490000001,98.04919,10.40344802,89.71604919433594,6.663268089294434,1.7000000476837158,11.001999855041504,86.7,588.025390625,1400.0,0.0,off,True
2077.75916162,85.09809908738512,8.773979519514036,1981.937894751,84.098682,11.722584868999832,76.3241195678711,5.402256965637207,1.7000000476837158,6.876999855041504,25.2,591.021484375,1800.0,10.0,off,True
115.903298356,89.87371454400484,0.3581810967392206,7.610808506,98.125362,10.167127850000014,89.51553344726562,6.677270889282227,1.7999999523162842,11.003999710083008,81.4,588.025390625,1800.0,0.0,off,True
3940.749497854,16.898488262418713,16.898488262418713,3940.749487946,0.0,0.0,0.0,0.0,0.0,0.0,25.1,0.0,1800.0,19.0,off,False
4431.447439142,84.78636002765722,17.046453716622075,4315.0874870570005,75.387255,40.97269708499935,67.73990631103516,4.438807010650635,1.7000000476837158,0.0,25.1,591.021484375,1600.0,16.0,off,True
2080.003109917,84.39330643838889,8.777080242099833,1984.099254495,83.896005,12.007850422000104,75.61622619628906,5.3783488273620605,1.7000000476837158,6.947999954223633,25.2,591.021484375,1800.0,10.0,off,True
116.261714671,89.74016706032828,0.3584760813243627,7.528648883000001,98.41805,10.31501578800001,89.3816909790039,6.68105411529541,1.7999999523162842,11.00100040435791,82.7,588.025390625,1800.0,0.0,off,True
3936.883521076,16.874888124957707,16.874888124957707,3936.883511169,0.0,0.0,0.0,0.0,0.0,0.0,25.1,0.0,1800.0,19.0,off,False
4433.715520548,83.39265769355728,17.042422708205727,4316.865903256,73.817264,43.03235329200041,66.35023498535156,4.351986885070801,1.7000000476837158,0.0,25.1,591.021484375,1600.0,16.0,off,True
117.119899903,90.34609226579047,0.3286972462592244,8.335064738,98.638278,10.146557165000004,90.01739501953125,6.6949849128723145,1.7000000476837158,10.998000144958496,86.6,588.025390625,1400.0,0.0,off,True
2746.116473232,88.69192532202423,8.338577543703925,2646.656677844,88.549735,10.910060388000204,80.35334777832031,5.792703151702881,1.7000000476837158,8.437999725341797,25.3,591.021484375,800.0,8.0,off,True
117.043473993,90.3483901733816,0.3573623413503408,7.880523993,98.75819,10.40476000000001,89.99102783203125,6.696106910705566,1.7000000476837158,10.892000198364258,78.5,588.025390625,1800.0,0.0,off,True
3930.192820887,16.840462789584993,16.840462789584993,3930.192811424,0.0,0.0,0.0,0.0,0.0,0.0,25.1,0.0,1800.0,19.0,off,False
4395.41300701,78.33674401549983,16.935090725704907,4305.606122003001,68.602889,21.203996006999432,61.40165328979492,4.070003986358643,1.7000000476837158,0.0,25.1,591.021484375,1600.0,16.0,off,True
120.039992315,89.79249676949485,0.3367701459596873,8.150390184,98.310968,13.578634130999989,89.45572662353516,6.6944122314453125,1.7999999523162842,11.053000450134276,87.5,588.025390625,1400.0,0.0,off,True
151.743747991,90.28620404090044,0.437327087775445,42.731445332,98.775013,10.237289658999998,89.848876953125,6.715622901916504,1.7000000476837158,10.79699993133545,38.3,591.021484375,1200.0,4.0,off,True
122.15151537,92.05521652472744,0.3716380335164904,10.551820971,100.187253,11.412441399000002,91.68357849121094,6.8057861328125,1.7000000476837158,10.720000267028809,81.7,588.025390625,1800.0,0.0,off,True
3923.215232237,16.82597619654666,16.82597619654666,3923.215222663,0.0,0.0,0.0,0.0,0.0,0.0,25.1,0.0,1800.0,19.0,off,False
4406.1355968590005,80.70309953672448,16.98508577329675,4324.2562027700005,70.568259,11.311135089000018,63.71801376342773,4.1865668296813965,1.7000000476837158,0.0,25.1,591.021484375,1600.0,16.0,off,True
119.875988772,92.92947586956848,0.337129678162241,8.378359849999999,101.44561,10.052018922000002,92.59234619140624,6.87970495223999,1.7000000476837158,10.553000450134276,85.7,588.025390625,1400.0,0.0,off,True
140.297076172,89.91255128999043,0.4560617270021557,31.802732798,97.966235,10.528108374000013,89.45648956298828,6.674332141876221,1.7999999523162842,10.916999816894531,38.6,591.021484375,1800.0,3.0,off,True
116.039925694,90.30295164730936,0.3555258050241947,7.739518792999999,98.191109,10.109297901000003,89.94742584228516,6.697608947753906,1.7000000476837158,10.96399974822998,79.6,588.025390625,1800.0,0.0,off,True
3925.042030138,16.833142856272186,16.833142856272186,3925.042020083,0.0,0.0,0.0,0.0,0.0,0.0,25.1,0.0,1800.0,19.0,off,False
4420.503165919,79.25559423945376,17.0123920299811,4311.420719654,68.796856,40.28559026499981,62.243202209472656,4.081986904144287,1.7000000476837158,0.0,25.1,591.021484375,1600.0,16.0,off,True
121.262538785,91.62815162102636,0.3401267186825991,10.633742542,100.232785,10.396011242999975,91.28802490234376,6.806282997131348,1.7000000476837158,10.67099952697754,86.8,588.025390625,1400.0,0.0,off,True
190.295381437,95.58097277197292,0.4736729672854304,75.54878749400001,103.930416,10.816177943,95.1072998046875,7.02008581161499,1.7000000476837158,10.229999542236328,38.6,591.021484375,600.0,3.0,off,True
117.005336163,91.03907198360524,0.3566531603630542,7.681502009,99.48696,9.836874154,90.6824188232422,6.767171859741211,1.7000000476837158,10.805999755859377,81.4,588.025390625,1800.0,0.0,off,True
3936.412143565,16.868375021028974,16.868375021028974,3936.412133843,0.0,0.0,0.0,0.0,0.0,0.0,25.1,0.0,1800.0,19.0,off,False
4406.595426151,83.33135781658135,16.972967008475877,4321.608540385,74.323307,10.663578765999432,66.35839080810547,4.373538970947266,1.7000000476837158,0.0,25.1,591.021484375,1600.0,16.0,off,True
118.549215708,91.5274136847154,0.3331464117661953,8.481722501,100.198638,9.86885520700001,91.19426727294922,6.753644943237305,1.7000000476837158,10.718000411987305,84.6,588.025390625,1400.0,0.0,off,True
151.194088715,89.98984963555317,0.4367948259828567,42.96980288,98.230014,9.994271834999992,89.55305480957031,6.634543895721436,1.7999999523162842,10.869999885559082,38.4,591.021484375,1200.0,4.0,off,True
119.394801312,92.33633809607514,0.3652077249813913,7.6515077,101.560195,10.183098612000023,91.97113037109376,6.8460798263549805,1.7000000476837158,10.595000267028809,81.1,588.025390625,1800.0,0.0,off,True
3930.658192003,16.841358588159753,16.841358588159753,3930.658181577,0.0,0.0,0.0,0.0,0.0,0.0,25.1,0.0,1800.0,19.0,off,False
128.60619285500002,94.56592253506042,0.3633849984393239,15.992581824999998,100.664091,11.949520030000016,94.2025375366211,6.767337799072266,1.7000000476837158,10.60200023651123,44.4,588.025390625,1400.0,0.0,off,True
4378.600853045999,79.6390078240078,17.022388713900387,4296.069448481,68.617795,13.91360956499932,62.61661911010742,4.017557144165039,1.7000000476837158,0.0,25.1,591.021484375,1600.0,16.0,off,True
119.31249223,91.0883177269773,0.3363569725827693,10.605211288,97.337898,11.369382942,90.75196075439452,6.54827880859375,1.7000000476837158,11.038000106811523,87.0,588.025390625,1400.0,0.0,off,True
2752.74607331,89.59655111946415,8.407639681475878,2653.939030179,87.745112,11.061931131000222,81.18891143798828,5.704945087432861,1.7000000476837158,8.53499984741211,25.3,591.021484375,800.0,8.0,off,True
120.533991574,92.92064189431257,0.3689451169688105,10.570614865,98.958142,11.005234709000009,92.55169677734376,6.65670108795166,1.7000000476837158,10.880999565124512,81.6,588.025390625,1800.0,0.0,off,True
3912.381532133,16.981872099802114,16.981872099802114,3912.38152243,0.0,0.0,0.0,0.0,0.0,0.0,25.1,0.0,1800.0,19.0,off,False
4409.507347850001,80.62737075110225,17.178998863895213,4328.327742868,69.226349,11.953255982000456,63.44837188720703,4.073533058166504,1.7000000476837158,0.0,25.1,591.021484375,1600.0,16.0,off,True
117.10204487,91.6030505663783,0.3316958910853386,8.297630878,97.965698,10.838715992000004,91.27135467529295,6.605924129486084,1.7000000476837158,10.97700023651123,86.1,588.025390625,1400.0,0.0,off,True
176.030346701,90.86737576534226,0.5052923302836656,42.899493768,97.307789,35.82306393300003,90.3620834350586,6.563561916351318,1.7999999523162842,11.022000312805176,38.5,591.021484375,1200.0,4.0,off,True
122.279241312,91.28249808545604,0.375073158698225,7.607346948,97.530918,17.14097636400001,90.9074249267578,6.584989070892334,1.7999999523162842,11.013999938964844,81.3,588.025390625,1800.0,0.0,off,True
3930.338900779,17.05623590945079,17.05623590945079,3930.338889945,0.0,0.0,0.0,0.0,0.0,0.0,25.1,0.0,1800.0,19.0,off,False
4400.064282386,79.50525553769954,16.894404249857747,4318.279754470001,69.614227,12.170300915999206,62.6108512878418,4.097456932067871,1.7000000476837158,0.0,25.1,591.021484375,1600.0,16.0,off,True
119.7999822,90.54547277384232,0.3354965775532603,10.615964675,98.588079,10.595938525000008,90.20997619628906,6.680370807647705,1.7999999523162842,10.968000411987305,86.6,588.025390625,1400.0,0.0,off,True
167.02301840599998,91.07054643932634,0.4763615638380527,42.774288658,99.276679,24.97205074799997,90.59418487548828,6.709883213043213,1.7000000476837158,10.822999954223633,38.3,591.021484375,1200.0,4.0,off,True
118.460976228,90.11370765835989,0.3600226608012795,7.848683874,98.308883,12.30340935400001,89.7536849975586,6.671669006347656,1.7000000476837158,10.940999984741213,79.6,588.025390625,1800.0,0.0,off,True
3927.348763794,16.774268767146424,16.774268767146424,3927.348753794,0.0,0.0,0.0,0.0,0.0,0.0,25.1,0.0,1800.0,19.0,off,False
4379.49980587,78.5800634817839,16.823315282321,4300.142670445,68.902329,10.454806425000712,61.75674819946289,4.054696083068848,1.7000000476837158,0.0,25.1,591.021484375,1600.0,16.0,off,True
115.919427877,88.89816209718599,0.3252021972836494,8.309252977,97.381033,10.229141900000002,88.57295989990234,6.598915100097656,1.7000000476837158,11.140000343322754,86.1,588.025390625,1400.0,0.0,off,True
2080.437878268,85.6256800720518,8.754448992950225,1985.536648563,84.434697,10.466532705000104,76.87123107910156,5.41776180267334,1.7999999523162842,6.889999866485596,25.2,591.021484375,1800.0,10.0,off,True
118.023666689,91.73087389847788,0.3633735933021068,7.748094736,99.968768,10.306803953,91.36750030517578,6.779497146606445,1.7000000476837158,10.751999855041504,80.7,588.025390625,1800.0,0.0,off,True
3924.428501492,16.806105940943144,16.806105940943144,3924.428491585,0.0,0.0,0.0,0.0,0.0,0.0,25.1,0.0,1800.0,19.0,off,False
4396.463533733,79.3110376786536,16.923197407657508,4285.082778929,69.571771,41.80898380400039,62.387840270996094,4.131171226501465,1.7000000476837158,0.0,25.1,591.021484375,1600.0,16.0,off,True
116.142274551,89.20206190877009,0.3255512886529088,8.313601717000001,97.405716,10.422956834000004,88.87651062011719,6.666367053985596,1.7000000476837158,11.032999992370604,85.7,588.025390625,1400.0,0.0,off,True
152.262815006,91.03257385226183,0.4386331173985601,42.851676341,98.738797,10.672341665000005,90.59394073486328,6.750553131103516,1.7999999523162842,10.888999938964844,38.4,591.021484375,1200.0,4.0,off,True
116.641063627,90.56593947217029,0.3564210395530939,7.610666813,98.94871,10.081686814000008,90.2095184326172,6.775660991668701,1.7000000476837158,10.91800022125244,82.0,588.025390625,1800.0,0.0,off,True
3914.096700272,16.77898968787627,16.77898968787627,3914.096691383,0.0,0.0,0.0,0.0,0.0,0.0,25.1,0.0,1800.0,19.0,off,False
4371.704811726,80.76622079429423,16.852944121930946,4290.767999489,70.501478,10.435334237000587,63.91327667236328,4.184165954589844,1.7000000476837158,0.0,25.1,591.021484375,1600.0,16.0,off,True
118.357959423,89.38549600689696,0.3319452866821169,10.586300382,97.650762,10.120897040999992,89.05355072021484,6.663663864135742,1.7000000476837158,11.017999649047852,87.6,588.025390625,1400.0,0.0,off,True
3311.842913908,85.80177391183814,11.151093369845952,3218.835085119,82.4143,10.59352878900009,74.65068054199219,5.241580009460449,1.7000000476837158,6.076000213623047,25.2,591.021484375,1200.0,11.0,off,True
115.833385818,89.40410169212578,0.3546174391960859,7.842636023,97.453564,10.537185795000012,89.04948425292969,6.64329719543457,1.7999999523162842,11.029999732971191,79.5,588.025390625,1800.0,0.0,off,True
3924.505590985,16.805063647155343,16.805063647155343,3924.50558117,0.0,0.0,0.0,0.0,0.0,0.0,25.1,0.0,1800.0,19.0,off,False
4408.218442003999,80.50816368258458,16.955543748502553,4294.443830671,70.85991,42.914701332999485,63.55261993408203,4.205326080322266,1.7000000476837158,0.0,25.1,591.021484375,1600.0,16.0,off,True
119.565450294,90.16343929100242,0.3345360927602291,10.639717505,98.10871,10.817022788999992,89.82890319824219,6.681518077850342,1.7000000476837158,10.963000297546388,85.7,588.025390625,1400.0,0.0,off,True
2096.166173369,84.11501277060641,8.818969374610319,2002.457970703,83.069879,10.638323665999806,75.2960433959961,5.350465774536133,1.7999999523162842,6.977000236511231,25.3,591.021484375,1800.0,10.0,off,True
119.76883253,90.53013618973613,0.3682709553611278,10.554330093,99.158321,10.056181436999992,90.161865234375,6.740324020385742,1.7000000476837158,10.84000015258789,80.2,588.025390625,1800.0,0.0,off,True
3926.524974738,16.833932051739765,16.833932051739765,3926.524964924,0.0,0.0,0.0,0.0,0.0,0.0,25.1,0.0,1800.0,19.0,off,False
4377.832760904001,79.21088737262326,16.874335706363496,4298.247800380999,69.170578,10.414382523001422,62.336551666259766,4.104457855224609,1.7000000476837158,0.0,25.1,591.021484375,1600.0,16.0,off,True
117.246815768,89.09060513857054,0.3294891107385039,8.441662311,97.674352,11.130801457000004,88.76111602783203,6.651835918426514,1.7999999523162842,10.987000465393066,85.7,588.025390625,1400.0,0.0,off,True
149.243367516,92.21971368933175,0.4385170950934887,38.497192839,100.100159,10.646015676999994,91.78119659423828,6.79363489151001,1.7000000476837158,10.70199966430664,38.3,591.021484375,1400.0,4.0,off,True
117.821815376,91.37325515347484,0.3606208761310816,7.698972892,99.608822,10.514020484,91.01263427734376,6.775352954864502,1.7999999523162842,10.802000045776367,80.3,588.025390625,1800.0,0.0,off,True
3924.934573124,16.803942790319613,16.803942790319613,3924.934562994,0.0,0.0,0.0,0.0,0.0,0.0,25.1,0.0,1800.0,19.0,off,False
5385.423353222999,88.13453065209643,23.98380433373705,5304.722344668,69.455129,11.245879554999137,64.15072631835938,4.119793891906738,1.7000000476837158,0.0,43.6,591.021484375,1600.0,16.0,off,True
121.627126371,92.51816717908268,0.3398682288873672,10.615423813,98.441763,12.569939558000002,92.17829895019533,6.701336860656738,1.7999999523162842,10.89900016784668,85.9,588.025390625,1400.0,0.0,off,True
2078.991445649,87.05954404922991,8.751583538976002,1983.080790033,84.776893,11.133762615999984,78.3079605102539,5.432504177093506,1.7000000476837158,6.831999778747559,25.2,591.021484375,1800.0,10.0,off,True
118.530842473,94.16399661066062,0.364848051090312,7.657643318,99.97973,10.893469155000004,93.79914855957033,6.7866291999816895,1.7000000476837158,10.72599983215332,81.3,588.025390625,1800.0,0.0,off,True
3933.651992167,16.862297283981455,16.862297283981455,3933.651982204,0.0,0.0,0.0,0.0,0.0,0.0,25.1,0.0,1800.0,19.0,off,False
4390.898271419,81.2096896555853,16.90919832257749,4310.089228779,69.429247,11.379795639999458,64.30049133300781,4.118786811828613,1.7000000476837158,0.0,25.1,591.021484375,1600.0,16.0,off,True
116.848597453,91.7278001083216,0.3280350936731457,8.243825007,97.276094,11.328678445999998,91.39976501464844,6.636714935302734,1.7999999523162842,11.05799961090088,87.1,588.025390625,1400.0,0.0,off,True
2083.045235613,87.3996692363553,8.785609788113106,1987.571667752,84.304003,11.16956486099977,78.61405944824219,5.428639888763428,1.7000000476837158,6.935999870300293,25.3,591.021484375,1800.0,10.0,off,True
116.821433431,91.56301535374382,0.3598827243492842,7.897914119,97.255319,11.668200311999982,91.20313262939452,6.651375770568848,1.7999999523162842,11.0649995803833,79.4,588.025390625,1800.0,0.0,off,True
3931.43744341,16.829174698338363,16.829174698338363,3931.437432966,0.0,0.0,0.0,0.0,0.0,0.0,25.1,0.0,1800.0,19.0,off,False
4387.318776542,81.50348589048573,16.881819935895894,4305.078177130999,71.361945,10.878654411000396,64.62166595458984,4.291740894317627,1.7000000476837158,0.0,25.1,591.021484375,1600.0,16.0,off,True
119.894860142,92.16899498278738,0.3362313109123825,8.321528007,100.018056,11.555276135,91.832763671875,6.903022766113281,1.7000000476837158,10.656999588012695,86.1,588.025390625,1400.0,0.0,off,True
2744.670722819,90.48376841216329,8.320247599174989,2643.519807114,90.223191,10.927724704999989,82.16352081298828,6.003949165344238,1.7000000476837158,8.251999855041504,25.3,591.021484375,800.0,8.0,off,True
213.86259892500001,89.21671868747157,0.6732921737996935,82.401429693,97.587701,33.873468232000036,88.54342651367188,6.6107177734375,1.7999999523162842,10.946999549865723,38.5,591.021484375,1200.0,4.0,off,True
5296.33521345,159.5308192133008,16.193767821699215,5133.089847862,150.67156,12.573805587999914,143.33705139160156,8.868947982788086,18.0,0.0,25.2,591.021484375,600.0,10.0,off,False
187.491590149,91.32240937762153,0.5310275416840196,76.511003341,99.258542,11.722044807999978,90.7913818359375,6.723381042480469,1.7999999523162842,10.744000434875488,38.4,591.021484375,600.0,3.0,off,True
260.629069287,222.78099923758688,0.7594538274306417,21.116545228,228.004489,11.50803505899998,222.02154541015625,13.4530029296875,25.799999237060547,0.0,94.1,588.025390625,800.0,0.0,off,False
5567.167684286001,84.50603286766244,20.947305603258137,5484.479386892001,70.505261,12.18303639400007,63.5587272644043,4.1490349769592285,1.7000000476837158,0.0,25.1,591.021484375,1200.0,17.0,off,False
4181.534953822,88.50825888930468,15.754230568992185,4088.778316396,78.383116,14.373521425999996,72.7540283203125,4.829981803894043,1.7000000476837158,3.390000104904175,25.2,591.021484375,1200.0,13.0,off,True
118.800083361,93.54608846026227,0.3761818440513254,8.167767416,99.430309,11.202006945000008,93.16990661621094,6.712924003601074,1.7999999523162842,10.744000434875488,85.3,588.025390625,1400.0,0.0,off,True
808.522610644,94.63391717713874,2.7265685443262453,699.618735629,98.128423,10.775452015000042,91.9073486328125,6.55521297454834,1.7999999523162842,10.04800033569336,26.2,591.021484375,800.0,5.0,off,True
1050.555825738,92.30524706556116,3.896151301401007,943.3434432309999,95.158848,12.053534507000137,88.40909576416016,6.307015895843506,1.7000000476837158,9.484000205993652,25.6,591.021484375,1200.0,6.0,off,True
159.409293127,93.32769200179246,0.5087222752299547,48.638686389,99.212427,11.558179738000007,92.8189697265625,6.685771942138672,1.7999999523162842,10.696999549865723,38.3,591.021484375,1000.0,4.0,off,True
121.72838506999999,94.06170102209472,0.3976614102783203,10.578746555,100.610643,10.538995514999996,93.6640396118164,6.7802228927612305,1.7999999523162842,10.718999862670898,83.2,588.025390625,1600.0,0.0,off,True
3727.79972721,124.1060446814637,14.685634525213695,3602.027364404,114.739045,11.03331780600027,109.42041015625,6.751373767852783,12.800000190734863,0.0,25.2,591.021484375,1400.0,13.0,off,False
2948.496121225,86.44756404063149,12.553391372174454,2856.7921911890003,79.686774,12.017156035999747,73.89417266845703,4.974973201751709,1.7000000476837158,4.873000144958496,25.2,591.021484375,1600.0,12.0,off,True
2120.0291194330002,89.72575895507805,8.318356916503836,2021.3031363329999,87.458491,11.267492100000354,81.40740203857422,5.643445014953613,1.7000000476837158,7.616000175476074,25.3,591.021484375,1400.0,9.0,off,True
158.953315081,93.7937981197665,0.5063225338290095,47.854968744000004,100.00192,11.096426336999997,93.2874755859375,6.740119934082031,1.7000000476837158,10.70199966430664,38.4,588.0244140625,1000.0,1.0,off,True
10246.846545632,94.70554992396315,31.4823329134651,10174.834689996,68.461147,3.550708635999385,63.22321701049805,4.061283111572266,1.7000000476837158,0.0,25.1,3.015625,600.0,18.0,off,False
139.05630669299998,92.10346392960335,0.5019853529431939,31.340626568999998,97.624521,10.091159123999986,91.60147857666016,6.630593776702881,1.7999999523162842,10.972000122070312,38.1,591.021484375,1800.0,3.0,off,True
2578.3752209229997,154.33165793615328,10.063255836543908,2421.005191803,146.784109,10.585920119999798,144.26840209960938,8.707703590393066,18.200000762939453,0.0,25.2,591.021484375,1400.0,10.0,off,False
4018.381908929,83.83437693551949,17.12946665719917,3934.920639235,72.088887,11.372382693999839,66.70491027832031,4.338626861572266,1.7000000476837158,1.3420000076293945,25.1,591.021484375,1600.0,15.0,off,True
492.733926316,91.07509991991148,1.9958533989153862,387.706602853,94.676364,10.35095946300001,89.0792465209961,6.380402088165283,1.7000000476837158,10.494000434875488,26.1,591.021484375,1600.0,5.0,off,True
267.233338284,225.29884693399677,0.8758427836061596,33.368176074000004,223.112744,10.752418210000002,224.42300415039062,13.235722541809082,25.200000762939453,0.0,38.2,588.0244140625,1600.0,1.0,off,False
4664.026874517999,88.39964761644856,17.557820223870433,4546.984464014,76.303293,40.73911750399924,70.84182739257812,4.650942802429199,1.7000000476837158,2.436000108718872,25.1,591.021484375,1200.0,14.0,off,True
3065.674713114,122.09016523956913,14.326478105780065,2942.643519614,112.591017,10.440176499999978,107.76368713378906,6.629411220550537,12.800000190734863,0.0,25.2,591.021484375,1800.0,13.0,off,False
2697.115670521,86.99574421420307,12.656350598480413,2606.209916334,79.789321,11.116433187000183,74.33939361572266,4.992898941040039,1.7000000476837158,4.89300012588501,25.2,591.021484375,1800.0,12.0,off,True
145.252599761,91.42773311944639,0.4843203386846661,37.515195295000005,97.509031,10.228373465999994,90.94341278076172,6.604148864746094,1.7000000476837158,11.027000427246094,38.0,591.021484375,1400.0,4.0,off,True
4875.969266079001,90.00965122967492,17.529029891784294,4785.478997081001,78.512332,11.977936997999919,72.48062133789062,4.852944850921631,1.7000000476837158,3.4230000972747803,25.2,591.021484375,1000.0,13.0,off,True
166.939434544,92.17095740588371,0.5209253624266862,59.152217283,97.393378,10.393839260999997,91.65003204345703,6.598299980163574,1.7999999523162842,10.982999801635742,38.4,591.021484375,800.0,3.0,off,True
3994.42845982,83.79284105053829,18.771631333741414,3912.658717855,70.214464,11.555277965000315,65.02120971679688,4.131680965423584,1.7000000476837158,0.0,25.1,591.021484375,1800.0,17.0,off,False
1829.280571504,193.18612812148697,6.4758467494166485,1629.680347971,189.071902,10.528321532999968,186.7102813720703,11.108304977416992,23.399999618530273,0.0,25.4,591.021484375,1000.0,7.0,off,False
272.245064876,226.21843734952373,0.8886644003049732,34.39238906800001,226.602147,11.250528808000013,225.32977294921875,13.319774627685547,25.600000381469727,0.0,37.8,591.021484375,1600.0,4.0,off,False
1292.2534293180001,191.1984963149178,5.2952522963631035,1092.820012689,188.57427,10.859146629000236,185.9032440185547,11.096060752868652,22.899999618530273,0.0,25.4,591.021484375,1600.0,7.0,off,False
2500.8554995110003,87.85017986499534,9.81314678394065,2405.7000144169997,84.29201,10.863475094000592,78.03703308105469,5.376461982727051,1.7000000476837158,6.940000057220459,25.2,591.021484375,1400.0,10.0,off,True
296.795386191,225.5500181480484,0.8932035728530765,59.381289171,225.632442,11.781655019999988,224.6568145751953,13.275321960449219,26.399999618530273,0.0,38.3,591.021484375,800.0,3.0,off,False
2716.7186831490003,93.41824523976652,8.323282166036046,2611.7943990500003,93.405347,11.518937099000027,85.09496307373047,6.140552043914795,1.7000000476837158,8.831999778747559,25.4,591.021484375,600.0,7.0,off,True
1562.856804427,89.00860437815905,6.565512031967641,1461.119974254,91.209883,10.526947173000039,82.4430923461914,5.948307991027832,1.7999999523162842,8.1899995803833,25.3,591.021484375,1600.0,8.0,off,True
2848.7223906659997,180.45855818916007,9.68051253486321,2655.16412008,177.60282,15.9554505859997,170.77804565429688,10.451242446899414,22.200000762939453,0.0,25.3,591.021484375,800.0,8.0,off,False
933.593841604,88.30891597481514,3.6085070392682557,829.426328969,93.079216,11.088296634999978,84.70040893554688,6.200723171234131,1.7999999523162842,9.746000289916992,25.6,591.021484375,1400.0,6.0,off,True
274.992977676,217.68997533406505,0.8576541670728564,41.904650313,222.548526,10.53980136300001,216.8323211669922,13.095952987670898,24.899999618530273,0.0,38.6,588.0244140625,1200.0,1.0,off,False
3300.059796932,85.59876262294803,12.433967701073026,3208.597442673,81.015896,10.446458259000224,73.164794921875,5.1424407958984375,1.7000000476837158,6.11299991607666,25.2,591.021484375,1200.0,11.0,off,True
4406.499650354999,82.498876923323,18.804296845198,4324.591281193,70.961745,10.946624161998969,63.694580078125,4.211381912231445,1.7999999523162842,0.0,25.1,591.021484375,1600.0,16.0,off,False
4371.71042536,81.346028856218,18.685021928727767,4291.632384538,69.308616,10.76942482199982,62.661006927490234,4.112739086151123,1.7000000476837158,0.0,25.1,591.021484375,1600.0,16.0,off,True
1111.6121606329998,88.09706185307887,5.1187369629421475,1008.251235251,90.819719,12.541206381999771,82.97832489013672,6.0167951583862305,1.7999999523162842,9.17199993133545,25.4,591.021484375,1800.0,7.0,off,True
4253.387729426,122.21728379780774,16.016996932573356,4098.851753727,114.051364,40.48461169900011,106.20028686523438,6.711802005767822,12.800000190734863,0.0,25.2,591.021484375,1200.0,13.0,off,False
3553.006728771,91.72197724730782,10.901580823967981,3451.903706799,88.814814,12.28820797200008,80.82039642333984,5.806856155395508,1.7000000476837158,8.418999671936035,25.3,591.021484375,600.0,8.0,off,True
273.33909776499996,223.7494828675523,0.9343888734116792,32.350837059999996,229.136427,11.851833704999962,222.81509399414062,13.484830856323242,26.600000381469727,0.0,37.8,591.021484375,1800.0,3.0,off,False
3844.5548378639996,87.95528220522345,13.817594522117984,3751.961093382,82.144093,10.449651481999695,74.13768768310547,5.201605796813965,1.7000000476837158,6.085000038146973,25.2,591.021484375,1000.0,11.0,off,True
2198.4452878909997,166.86960742408152,8.553719972909642,2022.833735853,164.860791,10.750761037999666,158.31588745117188,9.728706359863281,20.399999618530273,0.0,25.3,591.021484375,1400.0,9.0,off,False
9411.180868426001,93.85153716692959,28.9543966639999,9327.625865527001,72.012041,11.542961899000105,64.89714050292969,4.303080081939697,1.7000000476837158,1.3359999656677246,25.2,591.021484375,600.0,15.0,off,True
6156.255401155,153.33217149753997,18.79680162449309,5974.718563335,138.257201,43.279636820000064,134.53536987304688,8.125740051269531,17.600000381469727,0.0,25.2,591.021484375,600.0,11.0,off,False
461.04677963800003,90.9128231683766,2.003323046306288,354.43219556699995,95.575167,11.039417071000088,88.90950012207031,6.389102935791016,1.7000000476837158,10.345000267028809,26.2,591.021484375,1800.0,5.0,off,True
843.707765156,90.40967131726688,3.494945059942663,739.789903142,92.986043,10.931819014000098,86.91472625732422,6.172554969787598,1.7000000476837158,9.793000221252441,25.6,591.021484375,1600.0,6.0,off,True
1753.666524898,88.97562317651021,8.149947212154746,1656.051447289,86.791649,10.823428609000075,80.82567596435547,5.605246067047119,1.7000000476837158,7.695000171661377,25.3,591.021484375,1800.0,9.0,off,True
2059.015793943,85.85396392839355,9.601644592456054,1966.035113041,82.006292,10.974388902000129,76.2523193359375,5.256591796875,1.7000000476837158,7.068999767303467,25.3,591.021484375,1800.0,10.0,off,True
1433.697158105,87.67749512754992,6.626973276963985,1336.0828032030001,86.624471,10.989883901999832,81.05052185058594,5.665469169616699,1.7999999523162842,8.647000312805176,25.3,591.021484375,800.0,8.0,off,True
271.952530028,228.7017836149219,0.9384932096484779,32.232583618999996,228.206275,11.513671409000011,227.76329040527344,13.427918434143066,26.100000381469727,0.0,38.2,591.021484375,1800.0,4.0,off,False
