layer,img,client,server,network,total
0,0,10.650248,612.4988,20.118547,643.267595
0,1,2.557345,316.932,8.807868,328.297213
0,2,2.387791,335.774,8.654703,346.816494
0,3,2.246849,312.8579,9.630388,324.735137
0,4,2.559956,315.3252,8.052117,325.937273
0,5,2.64477,317.5697,7.936318,328.150788
0,6,2.649326,325.6648,7.87201,336.186136
0,7,2.22246,320.1382,7.931996,330.292656
0,8,2.591234,321.1449,7.786936,331.52307
0,9,2.234534,329.6005,8.196565,340.031599
0,10,3.611668,330.0391,10.881804,344.532572
0,11,4.027868,320.3572,11.259758,335.644826
0,12,3.92548,355.3661,11.088776,370.380356
0,13,4.069701,343.1067,11.339183,358.515584
0,14,3.779759,321.6957,11.129802,336.605261
0,15,3.963868,321.8398,10.800389,336.604057
0,16,3.107711,333.0396,12.240557,348.387868
0,17,3.648816,319.9715,11.080166,334.700482
0,18,4.319698,333.8437,11.14559,349.308988
0,19,3.43817,327.4151,10.750405,341.603675
0,20,3.660501,326.9337,10.770605,341.364806
0,21,3.413392,331.7489,11.639516,346.801808
0,22,4.699362,347.6881,10.920038,363.3075
0,23,3.856296,340.5014,10.514219,354.871915
0,24,3.714112,336.6063,11.3907,351.711112
0,25,3.493707,322.8061,11.219481,337.519288
0,26,3.955091,340.921,10.784149,355.66024
0,27,3.639168,377.6929,11.050275,392.382343
0,28,3.981961,396.3156,10.967615,411.265176
0,29,3.155469,353.4256,11.244255,367.825324
0,30,3.497169,322.3302,10.696168,336.523537
0,31,4.367902,332.3174,11.338254,348.023556
0,32,3.430059,342.1855,10.689099,356.304658
0,33,3.65402,329.2964,10.466125,343.416545
0,34,3.685834,322.4459,11.064185,337.195919
0,35,3.767,341.9626,10.878907,356.608507
0,36,3.334023,356.9864,10.745054,371.065477
0,37,5.042099,342.1461,11.225346,358.413545
0,38,3.598409,341.4355,11.847911,356.88182
0,39,3.532725,339.2628,10.626421,353.421946
0,40,3.555595,332.7962,11.089099,347.440894
0,41,3.935906,327.8476,12.007552,343.791058
0,42,3.424522,329.5104,10.475918,343.41084
0,43,3.89635,343.1354,10.813836,357.845586
0,44,3.704334,341.4267,10.474279,355.605313
0,45,3.924072,330.744,10.936282,345.604354
0,46,3.532725,356.8539,10.832461,371.219086
0,47,3.714871,348.0248,11.12657,362.866241
0,48,4.079867,334.3927,10.780678,349.253245
0,49,3.446892,331.6588,11.213618,346.31931
0,50,3.971332,360.7046,10.884797,375.560729
0,51,3.459484,344.8949,10.713634,359.068018
0,52,3.288894,326.3211,9.953365,339.563359
0,53,4.814693,334.1592,11.864335,350.838228
0,54,3.462188,345.9516,12.368408,361.782196
0,55,4.223514,340.5749,12.178199,356.976613
0,56,3.748149,368.8645,11.729196,384.341845
0,57,3.924739,398.0232,12.569351,414.51729
0,58,3.64539,372.7328,12.080078,388.458268
0,59,3.322468,349.5851,12.147004,365.054572
0,60,3.453615,341.0197,11.693732,356.167047
0,61,3.789333,347.1512,12.32674,363.267273
0,62,3.503058,336.7007,12.167621,352.371379
0,63,3.822351,334.8981,12.151498,350.871949
0,64,3.772797,342.2608,11.890265,357.923862
0,65,3.650927,339.485,11.796372,354.932299
0,66,3.803166,335.7376,12.325563,351.866329
0,67,3.678686,339.9866,12.047023,355.712309
0,68,3.682778,333.8881,12.012583,349.583461
0,69,3.679297,345.1048,12.219512,361.003609
0,70,3.699816,345.5079,12.219093,361.426809
0,71,4.024776,353.8429,12.239863,370.107539
0,72,3.854166,353.7668,12.464203,370.085169
0,73,3.810093,340.9859,12.048287,356.84428
0,74,3.517355,352.795,12.264736,368.577091
0,75,3.760055,359.9808,11.90472,375.645575
0,76,3.720001,356.7423,12.394266,372.856567
0,77,3.485262,356.7153,12.2516,372.452162
0,78,3.971294,357.2009,13.144469,374.316663
0,79,3.719482,341.3677,12.034002,357.121184
0,80,3.816592,342.4736,12.17196,358.462152
0,81,3.97059,342.0676,12.050724,358.088914
0,82,4.012628,361.7019,11.998472,377.713
0,83,3.674964,343.3626,12.067415,359.104979
0,84,3.783074,352.0321,12.118792,367.933966
0,85,4.031183,352.5511,11.970974,368.553257
0,86,3.886629,351.7759,11.922051,367.58458
0,87,3.568558,352.2816,12.111808,367.961966
0,88,3.600817,349.2565,11.907105,364.764422
0,89,3.664372,351.6183,11.952801,367.235473
0,90,4.1262,354.249,12.142721,370.517921
0,91,3.746241,354.8327,12.186385,370.765326
0,92,3.803185,367.1895,12.368203,383.360888
0,93,3.705075,355.9704,11.675605,371.35108
0,94,3.768166,346.9109,11.667786,362.346852
0,95,3.437225,338.1055,11.129,352.671725
0,96,3.703797,367.8659,11.915578,383.485275
0,97,3.717834,353.2394,11.976906,368.93414
0,98,3.954369,344.2453,12.129741,360.32941
0,99,3.832333,354.0438,12.137441,370.013574
1,0,4253.100162,748.3098,52.503672,5053.913634
1,1,121.751564,357.7175,59.014594,538.483658
1,2,113.981437,354.2776,60.530124,528.789161
1,3,122.85159,354.7807,48.351749,525.984039
1,4,118.569762,408.4772,42.909054,569.956016
1,5,112.18525,461.003,44.927514,618.115764
1,6,117.016092,385.6572,51.232288,553.90558
1,7,99.047306,359.5072,44.458741,503.013247
1,8,103.294227,348.1954,52.277056,503.766683
1,9,169.227856,365.3249,44.312632,578.865388
1,10,101.736816,361.0617,53.397878,516.196394
1,11,108.463749,355.137,52.370035,515.970784
1,12,109.59235,351.8125,109.811985,571.216835
1,13,99.661207,363.5664,42.001487,505.229094
1,14,113.644735,364.108,41.571404,519.324139
1,15,109.322426,359.2727,43.33992,511.935046
1,16,100.097776,365.0806,42.045308,507.223684
1,17,109.179964,380.5986,42.461521,532.240085
1,18,108.490879,371.9897,44.18712,524.667699
1,19,168.328162,374.9655,42.129366,585.423028
1,20,89.794007,379.3491,51.539481,520.682588
1,21,129.239008,372.1402,44.12621,545.505418
1,22,95.691634,372.749,41.895704,510.336338
1,23,105.180578,360.3191,43.113936,508.613614
1,24,87.601973,393.0251,48.98402,529.611093
1,25,91.64984,355.1203,42.227147,488.997287
1,26,142.533322,366.7784,44.054637,553.366359
1,27,96.35559,367.2878,50.395355,514.038745
1,28,105.814275,356.2496,43.730099,505.793974
1,29,133.816611,381.2146,41.457506,556.488717
1,30,87.5074,360.8272,44.215912,492.550512
1,31,106.65934,387.7128,41.951403,536.323543
1,32,103.685518,366.1271,50.857561,520.670179
1,33,124.488758,373.2986,42.224223,540.011581
1,34,91.010328,378.2403,42.213511,511.464139
1,35,90.502333,359.3703,43.224706,493.097339
1,36,109.073558,385.0792,42.392043,536.544801
1,37,108.190566,376.0245,43.547431,527.762497
1,38,107.525554,369.1909,48.853972,525.570426
1,39,142.211621,363.6778,41.880139,547.76956
1,40,106.500046,358.4109,43.152504,508.06345
1,41,106.734172,402.4981,47.512679,556.744951
1,42,100.179682,367.5745,42.279081,510.033263
1,43,118.297801,376.8209,42.107666,537.226367
1,44,116.849425,396.5707,42.697129,556.117254
1,45,106.756062,369.1457,43.107875,519.009637
1,46,129.245674,370.9748,43.145627,543.366101
1,47,109.338351,358.888,44.188962,512.415313
1,48,122.696756,364.9047,42.883568,530.485024
1,49,162.825695,361.705,42.827151,567.357846
1,50,130.084795,377.0564,42.156995,549.29819
1,51,112.205711,379.1071,42.805917,534.118728
1,52,113.347348,370.3873,42.298863,526.033511
1,53,111.970936,394.3388,42.314627,548.624363
1,54,91.064123,372.7051,42.973978,506.743201
1,55,103.639444,361.1207,54.719728,519.479872
1,56,99.086581,356.6887,43.598047,499.373328
1,57,106.525026,372.5305,52.732817,531.788343
1,58,99.771926,398.6641,53.966799,552.402825
1,59,165.83411,358.1952,44.473172,568.502482
1,60,122.141225,377.7955,43.286672,543.223397
1,61,113.008758,374.8053,43.61025,531.424308
1,62,90.916309,411.0657,44.20221,546.184219
1,63,89.617989,382.6235,41.554104,513.795593
1,64,112.356247,376.0083,43.566794,531.931341
1,65,98.98297,376.5464,41.97863,517.508
1,66,91.911447,384.4139,50.92989,527.255237
1,67,94.975158,385.7736,44.351333,525.100091
1,68,97.19121,366.5338,44.886355,508.611365
1,69,142.164119,383.3668,44.286157,569.817076
1,70,100.122181,370.9737,49.881973,520.977854
1,71,115.696158,379.1795,44.475812,539.35147
1,72,106.642414,373.6042,47.982484,528.229098
1,73,108.468617,361.3303,50.203428,520.002345
1,74,106.758838,363.3913,43.002459,513.152597
1,75,107.097113,359.1016,50.909086,517.107799
1,76,112.385857,394.1102,43.603935,550.099992
1,77,108.007011,388.9735,43.27943,540.259941
1,78,115.453715,401.3555,47.586006,564.395221
1,79,169.973048,380.022,43.184593,593.179641
1,80,135.793015,378.9739,42.91865,557.685565
1,81,106.522877,399.6666,43.561796,549.751273
1,82,112.661761,400.1285,42.227126,555.017387
1,83,91.043956,372.9075,43.684287,507.635743
1,84,98.031016,371.2295,49.452227,518.712743
1,85,100.368123,364.9024,48.295161,513.565684
1,86,109.850252,388.5677,41.783821,540.201773
1,87,138.080789,364.8586,42.908144,545.847533
1,88,111.685826,375.5053,41.873923,529.065049
1,89,165.590165,371.1001,40.928139,577.618404
1,90,98.585751,379.8644,43.140545,521.590696
1,91,123.672727,396.222,51.274518,571.169245
1,92,123.052176,389.2206,44.078003,556.350779
1,93,118.676387,387.7787,48.370282,554.825369
1,94,129.011007,395.7631,45.099742,569.873849
1,95,145.199643,365.2704,43.768904,554.238947
1,96,107.874789,366.7537,49.906177,524.534666
1,97,107.21511,377.0747,43.939912,528.229722
1,98,109.405904,374.0875,46.919223,530.412627
1,99,186.370849,478.0037,43.986768,708.361317
2,0,120.200446,689.3363,45.06076,854.597506
2,1,110.794982,345.0699,43.320772,499.185654
2,2,111.692769,345.8111,53.954294,511.458163
2,3,130.361456,343.3751,45.207422,518.943978
2,4,114.001395,319.6985,52.475647,486.175542
2,5,173.213534,338.3805,44.281154,555.875188
2,6,96.362236,334.9344,44.138734,475.43537
2,7,117.382584,334.8904,50.164768,502.437752
2,8,96.361476,342.3603,42.092337,480.814113
2,9,93.139656,326.6873,43.962862,463.789818
2,10,94.699641,336.6579,48.709449,480.06699
2,11,104.55784,329.2052,53.64062,487.40366
2,12,103.18289,322.8457,53.758421,479.787011
2,13,106.24673,327.7187,48.815848,482.781278
2,14,102.865912,335.2364,50.48089,488.583202
2,15,112.039469,345.2776,43.447235,500.764304
2,16,178.691275,321.9838,74.903176,575.578251
2,17,92.566495,342.3422,42.231453,477.140148
2,18,112.800296,337.1526,49.922084,499.87498
2,19,112.450317,328.8439,41.06236,482.356577
2,20,133.117706,342.7167,53.412191,529.246597
2,21,116.323205,320.3945,50.7436,487.461305
2,22,91.288507,347.5108,45.850859,484.650166
2,23,111.309569,351.492,52.195093,514.996662
2,24,122.895881,340.0386,52.720842,515.655323
2,25,127.904943,350.5354,48.906625,527.346968
2,26,134.214547,331.7209,44.067857,510.003304
2,27,103.172871,329.8052,51.088451,484.066522
2,28,107.735475,349.5794,43.785647,501.100522
2,29,107.37857,328.4523,43.351811,479.182681
2,30,104.240879,342.2272,48.244134,494.712213
2,31,102.538211,350.7302,42.618199,495.88661
2,32,104.327285,335.1325,42.132112,481.591897
2,33,102.769986,333.6198,48.643022,485.032808
2,34,144.773701,342.9569,42.209949,529.94055
2,35,110.587261,371.8579,48.903301,531.348462
2,36,106.469486,323.6837,47.416992,477.570178
2,37,152.821141,324.5376,42.269077,519.627818
2,38,111.736157,326.7908,41.818323,480.34528
2,39,103.673274,351.0383,42.702834,497.414408
2,40,139.732307,338.9712,43.134771,521.838278
2,41,112.040191,353.846,48.307069,514.19326
2,42,125.143728,347.852,43.622748,516.618476
2,43,152.954491,334.3823,43.094735,530.431526
2,44,94.216459,337.377,42.073126,473.666585
2,45,128.050014,334.6864,51.049535,513.785949
2,46,101.772126,331.5934,43.215328,476.580854
2,47,160.726636,335.6917,42.07659,538.494926
2,48,121.158712,336.6503,43.02775,500.836762
2,49,112.906478,331.3645,52.385676,496.656654
2,50,112.482131,332.7285,48.002946,493.213577
2,51,111.472215,333.7012,42.80325,487.976665
2,52,111.109792,353.3011,55.445032,519.855924
2,53,112.210652,333.6013,42.335675,488.147627
2,54,103.601033,346.6917,51.438093,501.730826
2,55,111.129921,332.7516,45.095319,488.97684
2,56,112.414817,341.2758,42.443394,496.134011
2,57,95.18245,336.8525,49.456669,481.491619
2,58,171.686157,343.6828,41.687507,557.056464
2,59,112.989107,343.7343,43.402656,500.126063
2,60,103.23637,337.9007,44.530876,485.667946
2,61,103.689309,339.1271,49.517211,492.33362
2,62,103.625421,351.4447,42.165692,497.235813
2,63,111.81547,341.9221,41.570169,495.307739
2,64,122.624938,346.8885,43.342388,512.855826
2,65,111.246549,333.3722,50.804674,495.423423
2,66,113.95756,348.9755,41.41333,504.34639
2,67,110.878739,438.6431,42.555908,592.077747
2,68,157.011894,348.5344,43.732245,549.278539
2,69,118.059668,356.2662,43.022246,517.348114
2,70,125.718796,355.9931,44.169393,525.881289
2,71,115.468804,344.3708,52.703279,512.542883
2,72,122.100072,334.6578,52.137473,508.895345
2,73,112.455371,338.4159,44.004583,494.875854
2,74,124.635287,368.8703,44.432767,537.938354
2,75,130.708709,385.766,44.04331,560.518019
2,76,132.090529,343.8302,44.092339,520.013068
2,77,121.811019,357.7745,44.666322,524.251841
2,78,165.974823,365.458,41.653294,573.086117
2,79,119.011565,350.186,42.741453,511.939018
2,80,108.950868,358.9416,50.294635,518.187103
2,81,117.560487,428.2919,54.885679,600.738066
2,82,100.938355,361.673,50.974035,513.58539
2,83,113.409194,354.2293,43.319087,510.957581
2,84,147.449173,366.3241,41.761609,555.534882
2,85,91.77102,361.8412,42.618767,496.230987
2,86,95.415798,343.5575,42.388927,481.362225
2,87,94.648435,346.0719,42.873072,483.593407
2,88,135.896435,344.5975,41.351502,521.845437
2,89,107.888786,361.2184,43.718062,512.825248
2,90,94.952562,336.3102,46.956568,478.21933
2,91,95.324891,346.6674,43.208099,485.20039
2,92,103.227276,353.3681,48.995072,505.590448
2,93,103.227462,353.228,43.920612,500.376074
2,94,103.13487,356.6022,43.632882,503.369952
2,95,115.555339,367.5252,43.657866,526.738405
2,96,103.921825,350.267,51.106607,505.295432
2,97,105.367181,427.0706,53.651853,586.089634
2,98,172.060929,358.7736,42.178882,573.013411
2,99,127.923625,351.6733,43.480276,523.077201
3,0,46.456781,883.0567,12.662802,942.176283
3,1,39.422702,324.3302,10.63828,374.391182
3,2,37.020726,327.7874,10.103162,374.911288
3,3,38.089493,375.0786,10.781969,423.950062
3,4,37.579554,310.5359,10.158906,358.27436
3,5,37.087467,309.0722,10.263564,356.423231
3,6,35.015191,372.2609,16.932654,424.208745
3,7,34.524287,332.685,18.022546,385.231833
3,8,70.12025,336.8301,11.426008,418.376358
3,9,50.565184,384.4945,10.396126,445.45581
3,10,36.672859,346.3551,10.353886,393.381845
3,11,48.395502,356.2654,10.583875,415.244777
3,12,42.467801,344.1297,10.083959,396.68146
3,13,37.861273,346.1519,10.173849,394.187022
3,14,35.037764,349.0164,10.864443,394.918607
3,15,40.692393,366.764,10.932593,418.388986
3,16,40.726245,337.4543,10.123554,388.304099
3,17,31.0616,340.0644,10.230316,381.356316
3,18,40.960632,351.4891,11.046957,403.496689
3,19,31.183821,361.8552,11.33166,404.370681
3,20,36.286604,338.884,10.678649,385.849253
3,21,73.477143,362.5575,10.110661,446.145304
3,22,36.135957,349.6302,16.621932,402.388089
3,23,36.427287,342.4314,10.115163,388.97385
3,24,32.65027,392.3084,10.16878,435.12745
3,25,31.017822,358.3412,10.832903,400.191925
3,26,36.147605,349.328,10.221271,395.696876
3,27,40.7383,350.9521,10.673966,402.364366
3,28,37.607201,384.8901,34.556356,457.053657
3,29,43.140369,329.9942,15.325545,388.460114
3,30,32.136645,316.1876,10.305758,358.630003
3,31,45.072109,321.0475,10.206477,376.326086
3,32,35.406705,313.4145,10.539587,359.360792
3,33,36.993893,332.6253,10.712169,380.331362
3,34,79.261974,317.1768,12.800431,409.239205
3,35,43.774678,310.5347,10.345287,364.654665
3,36,36.028717,332.731,10.117363,378.87708
3,37,35.795719,316.8807,10.12093,362.797349
3,38,36.584934,328.3226,10.30197,375.209504
3,39,53.212862,337.2743,19.518646,410.005808
3,40,34.913469,328.8575,10.04729,373.818259
3,41,33.136913,334.173,9.990312,377.300225
3,42,59.324116,367.8981,10.704796,437.927012
3,43,34.747118,383.7328,13.772039,432.251957
3,44,54.855234,351.5162,10.081772,416.453206
3,45,36.809006,317.3461,10.265931,364.421037
3,46,38.318084,315.021,10.124223,363.463307
3,47,63.32878,313.6149,12.460128,389.403808
3,48,79.482064,330.466,12.874172,422.822236
3,49,35.831978,334.2612,19.121779,389.214957
3,50,41.592643,331.6448,61.010438,434.247881
3,51,49.12355,317.496,10.49686,377.11641
3,52,35.344094,316.3138,10.036743,361.694637
3,53,36.587415,308.6717,10.428564,355.687679
3,54,36.954374,335.6393,10.096144,382.689818
3,55,34.981597,309.0066,9.881943,353.87014
3,56,64.206586,351.2356,10.385668,425.827854
3,57,31.723463,324.3429,16.367185,372.433548
3,58,58.439162,313.2077,10.209242,381.856104
3,59,32.913896,323.2721,10.065466,366.251462
3,60,36.337047,317.7759,10.20209,364.315037
3,61,35.214503,316.4445,10.609609,362.268612
3,62,74.035766,323.4466,10.972159,408.454525
3,63,61.237134,316.3669,19.12444,396.728474
3,64,37.72407,312.1957,9.92444,359.84421
3,65,34.364326,321.0957,11.395392,366.855418
3,66,37.577572,325.2091,9.851171,372.637843
3,67,35.383205,335.6382,10.272888,381.294293
3,68,40.945279,338.4622,13.037908,392.445387
3,69,31.528354,336.3074,9.878483,377.714237
3,70,33.740351,324.4609,10.297744,368.498995
3,71,35.454963,318.6464,10.413227,364.51459
3,72,45.132756,323.5458,10.002967,378.681523
3,73,57.520744,326.6052,10.227256,394.3532
3,74,51.729802,319.1362,9.91087,380.776872
3,75,32.605084,317.6969,9.903129,360.205113
3,76,52.761237,340.395,13.508954,406.665191
3,77,81.195991,327.6021,13.159929,421.95802
3,78,35.084004,327.5051,9.958683,372.547787
3,79,62.708952,331.5473,10.238941,404.495193
3,80,32.630584,317.6746,10.047113,360.352297
3,81,33.267726,324.9882,10.152477,368.408403
3,82,43.56305,316.9815,10.101534,370.646084
3,83,41.682531,320.4866,9.824161,371.993292
3,84,48.048727,332.6219,10.266218,390.936845
3,85,32.359476,335.5385,10.182404,378.08038
3,86,41.085777,311.3051,9.99388,362.384757
3,87,31.068785,325.1333,10.210541,366.412626
3,88,38.040123,312.3019,10.086421,360.428444
3,89,40.176435,405.1709,10.058926,455.406261
3,90,39.443534,335.3519,12.630111,387.425545
3,91,52.239759,313.7006,11.128308,377.068667
3,92,80.810032,349.6135,14.549184,444.972716
3,93,33.904812,402.4947,10.001672,446.401184
3,94,40.629338,333.254,16.01298,389.896318
3,95,42.460819,329.2494,10.259473,381.969692
3,96,41.623958,340.3105,9.923915,391.858373
3,97,41.899992,326.5339,10.313166,378.747058
3,98,36.470638,318.2732,10.062783,364.806621
3,99,38.194362,321.8972,10.029822,370.121384
4,0,69.155129,581.5632,26.422231,677.14056
4,1,111.970444,304.619,23.554874,440.144318
4,2,60.867951,293.4752,25.011288,379.354439
4,3,52.570552,331.7626,21.187454,405.520606
4,4,68.793633,302.8843,20.971931,392.649864
4,5,62.404825,302.7255,20.800049,385.930374
4,6,53.997131,298.4289,20.652656,373.078687
4,7,73.51353,304.6643,20.819229,398.997059
4,8,58.442938,307.2741,20.891569,386.608607
4,9,70.65628,315.3484,21.103909,407.108589
4,10,60.894359,298.6315,20.788904,380.314763
4,11,54.085407,294.107,21.196593,369.389
4,12,78.257131,328.5574,21.110741,427.925272
4,13,66.584135,332.1267,20.825464,419.536299
4,14,98.340673,325.0171,22.747967,446.10574
4,15,70.615985,291.9437,20.526921,383.086606
4,16,66.261046,331.0062,25.902128,423.169374
4,17,53.33986,296.9081,20.999745,371.247705
4,18,57.963721,310.096,20.930251,388.989972
4,19,53.686819,306.146,21.141474,380.974293
4,20,53.858503,323.2059,20.764556,397.828959
4,21,62.371474,299.4443,21.337257,383.153031
4,22,53.865243,310.5418,20.893318,385.300361
4,23,53.291711,308.8554,22.884677,385.031788
4,24,52.560293,319.0321,20.616991,392.209384
4,25,57.184099,299.7388,21.016294,377.939193
4,26,74.731332,300.7364,21.337144,396.804876
4,27,105.847523,313.0879,23.028856,441.964279
4,28,64.811356,297.8807,26.546246,389.238302
4,29,85.106914,309.353,23.859693,418.319607
4,30,65.009243,297.2428,20.987912,383.239955
4,31,52.694384,314.5848,21.263588,388.542772
4,32,82.949306,310.4008,21.949641,415.299747
4,33,64.65958,312.1012,22.082205,398.842985
4,34,58.593382,317.0648,21.394544,397.052726
4,35,61.508037,304.3198,21.578446,387.406283
4,36,62.020033,310.8583,21.950192,394.828525
4,37,71.535086,314.3997,21.546835,407.481621
4,38,59.132339,297.1584,21.480714,377.771453
4,39,79.396359,331.1711,22.22078,432.788239
4,40,124.18573,300.7747,23.668579,448.629009
4,41,58.230199,314.749,20.481042,393.460241
4,42,68.464895,305.3641,21.281879,395.110874
4,43,71.887138,314.0492,21.309396,407.245734
4,44,57.87237,306.7476,20.973146,385.593116
4,45,77.319935,334.877,22.67345,434.870385
4,46,62.270177,320.1159,20.87188,403.257957
4,47,62.759877,322.4974,20.481823,405.7391
4,48,99.852452,315.8191,23.022701,438.694253
4,49,63.931939,342.8791,20.75816,427.569199
4,50,74.199208,319.3381,21.800679,415.337987
4,51,61.803015,296.9619,20.769,379.533915
4,52,56.243922,316.3348,20.892295,393.471017
4,53,113.527724,303.68,30.995658,448.203382
4,54,58.661602,315.7021,21.546865,395.910567
4,55,66.266509,316.0021,20.868257,403.136866
4,56,81.313544,300.8876,21.374311,403.575455
4,57,58.708028,311.947,21.280412,391.93544
4,58,52.892975,317.4739,21.887729,392.254604
4,59,62.608285,322.8066,20.731932,406.146817
4,60,74.285947,326.6624,20.793778,421.742125
4,61,64.184159,298.2985,20.809367,383.292026
4,62,86.31705,320.9942,27.429302,434.740552
4,63,62.105642,312.4182,20.961007,395.484849
4,64,64.621044,304.718,20.750915,390.089959
4,65,52.100168,303.691,21.349549,377.140717
4,66,114.615269,301.0157,31.906345,447.537314
4,67,98.426207,319.9274,21.778835,440.132442
4,68,52.049798,298.79,20.774418,371.614216
4,69,58.731787,309.6716,21.775496,390.178883
4,70,67.438145,304.3651,20.841576,392.644821
4,71,66.983594,302.4426,20.961372,390.387566
4,72,67.792789,314.6772,21.228611,403.6986
4,73,64.223436,311.719,20.883103,396.825539
4,74,52.77868,328.435,20.90764,402.12132
4,75,58.631936,317.9489,21.59456,398.175396
4,76,57.930813,302.9472,20.567363,381.445376
4,77,82.047573,299.9361,20.993452,402.977125
4,78,65.351906,313.5606,21.364294,400.2768
4,79,99.553325,313.0882,21.309088,433.950613
4,80,61.161522,307.3774,20.322621,388.861543
4,81,57.882869,314.5099,20.701398,393.094167
4,82,61.495278,298.8955,20.811675,381.202453
4,83,57.89261,311.8955,20.996414,390.784524
4,84,51.279601,311.5986,20.720839,383.59904
4,85,63.586387,316.1544,21.206211,400.946998
4,86,75.611341,313.5399,21.020683,410.171924
4,87,67.524644,301.5542,20.984817,390.063661
4,88,70.180932,342.8041,21.001062,433.986094
4,89,52.172426,317.5399,21.088938,390.801264
4,90,57.053841,305.8686,20.867893,383.790334
4,91,77.910466,297.5888,28.855974,404.35524
4,92,109.699224,310.2765,23.606996,443.58272
4,93,61.725275,315.3663,20.929228,398.020803
4,94,56.747269,322.6435,21.213323,400.604092
4,95,57.049007,305.7137,20.978849,383.741556
4,96,79.420378,312.7671,21.241636,413.429114
4,97,79.851132,332.5466,22.788478,435.18621
4,98,70.470947,297.485,21.840345,389.796292
4,99,56.274792,297.6657,20.606451,374.546943
5,0,83.371096,545.1032,21.550491,650.024787
5,1,75.526414,258.4777,21.956119,355.960233
5,2,61.716848,248.1772,21.320153,331.214201
5,3,62.290009,253.521,20.839712,336.650721
5,4,62.232176,255.5866,34.256643,352.075419
5,5,62.41586,236.0676,20.800916,319.284376
5,6,72.787534,235.1781,21.517843,329.483477
5,7,76.675607,240.0163,22.590362,339.282269
5,8,86.789098,289.5896,22.915195,399.293893
5,9,84.52325,251.0855,25.486338,361.095088
5,10,125.794692,269.8801,24.556061,420.230853
5,11,74.711923,263.5407,21.6572,359.909823
5,12,73.354362,252.6922,27.258382,353.304944
5,13,74.857791,237.9757,21.127886,333.961377
5,14,64.014863,247.1987,21.184701,332.398264
5,15,63.067501,246.3928,20.846872,330.307173
5,16,56.090738,244.2682,20.497996,320.856934
5,17,56.515196,237.6579,21.038097,315.211193
5,18,56.906748,237.8165,20.70311,315.426358
5,19,62.447989,248.7678,20.351594,331.567383
5,20,62.457952,264.5028,21.646387,348.607139
5,21,101.49323,245.5376,29.382569,376.413399
5,22,65.693938,254.5544,22.440989,342.689327
5,23,59.090522,257.901,20.596078,337.5876
5,24,96.824035,247.2204,28.069969,372.114404
5,25,128.374665,240.4793,21.418702,390.272667
5,26,61.299427,242.9673,21.107365,325.374092
5,27,66.038749,258.784,21.726428,346.549177
5,28,65.220739,244.9185,21.016814,331.156053
5,29,66.390691,240.0523,20.73975,327.182741
5,30,61.79581,250.7969,20.853727,333.446437
5,31,66.686521,258.7118,20.600769,345.99909
5,32,72.232373,240.6565,20.986893,333.875766
5,33,66.173471,252.2157,20.766839,339.15601
5,34,77.232564,266.0323,20.554345,363.819209
5,35,61.243482,249.8277,20.328793,331.399975
5,36,107.96411,255.6334,21.15012,384.74763
5,37,62.860355,257.2952,25.661647,345.817202
5,38,67.38994,248.7359,21.082912,337.208752
5,39,67.578864,241.5259,21.630997,330.735761
5,40,107.773407,257.3414,23.404432,388.519239
5,41,108.51803,250.2014,23.410893,382.130323
5,42,86.968522,251.6425,22.88458,361.495602
5,43,70.909738,249.8411,21.015683,341.766521
5,44,63.125612,249.7961,20.722408,333.64412
5,45,82.644029,260.0782,21.91712,364.639349
5,46,62.118641,245.1594,20.922264,328.200305
5,47,65.911121,244.004,20.837361,330.752482
5,48,82.570289,265.6139,21.07241,369.256599
5,49,55.740815,284.9614,21.218457,361.920672
5,50,74.545516,278.8036,28.847075,382.196191
5,51,61.705996,266.8137,20.881637,349.401333
5,52,65.919288,501.0279,54.281158,621.228346
5,53,67.267645,275.4172,22.908827,365.593672
5,54,61.770292,267.4199,21.453535,350.643727
5,55,124.962717,250.2274,28.605765,403.795882
5,56,62.389544,259.7919,20.609361,342.790805
5,57,84.630082,266.3248,20.832986,371.787868
5,58,68.3553,247.6337,20.879735,336.868735
5,59,56.63912,254.0322,21.766069,332.437389
5,60,58.03307,252.6625,20.830478,331.526048
5,61,58.219178,267.7998,20.224273,346.243251
5,62,57.220596,264.7137,24.673804,346.6081
5,63,74.285056,259.9428,21.99752,356.225376
5,64,65.760604,277.515,21.188153,364.463757
5,65,66.027953,250.0569,21.427968,337.512821
5,66,65.627197,276.6167,21.096481,363.340378
5,67,66.015101,283.8851,21.191433,371.091634
5,68,72.694627,285.2653,20.807557,378.767484
5,69,67.032035,263.9888,21.287912,352.308747
5,70,98.236557,249.2926,22.229712,369.758869
5,71,61.635645,262.4122,21.139289,345.187134
5,72,86.385176,334.9596,32.215869,453.560645
5,73,61.93566,258.4758,20.441123,340.852583
5,74,85.583702,272.4656,20.872272,378.921574
5,75,69.520918,261.0262,20.702769,351.249887
5,76,62.613894,268.7456,21.193769,352.553263
5,77,61.712348,288.1477,20.819813,370.679861
5,78,66.856889,285.6532,20.844652,373.354741
5,79,105.98274,254.9631,21.791252,382.737092
5,80,57.041949,280.588,20.929105,358.559054
5,81,55.544279,265.5354,21.214297,342.293976
5,82,84.063848,253.4472,21.052119,358.563167
5,83,65.805159,258.4089,21.583734,345.797793
5,84,90.664429,258.9827,35.005813,384.652942
5,85,55.670648,255.2448,21.447849,332.363297
5,86,55.792333,267.0599,21.10806,343.960293
5,87,72.712923,254.3423,21.221396,348.276619
5,88,62.43047,422.5814,28.024348,513.036218
5,89,63.459107,431.5402,47.301599,542.300906
5,90,62.958557,284.8793,30.94181,378.779667
5,91,67.28657,285.5702,31.092661,383.949431
5,92,63.09976,270.6104,22.121588,355.831748
5,93,63.14013,278.4524,21.339648,362.932178
5,94,87.237204,554.261,22.458619,663.956823
5,95,62.953317,856.4539,45.06548,964.472697
5,96,107.912035,527.4643,113.360865,748.7372
5,97,57.538296,387.9384,21.93479,467.411486
5,98,68.428003,321.7207,20.747681,410.896384
5,99,65.464421,298.2256,20.518462,384.208483
6,0,41.405698,615.3284,6.276197,663.010295
6,1,27.618095,284.3579,10.205866,322.181861
6,2,27.413726,269.5008,5.853157,302.767683
6,3,51.296951,253.1277,6.85928,311.283931
6,4,57.922533,265.7376,7.518267,331.1784
6,5,58.562656,269.8755,7.800471,336.238627
6,6,53.674631,255.4422,7.347346,316.464177
6,7,43.901248,267.6408,7.500733,319.042781
6,8,65.6819,262.5109,8.688728,336.881528
6,9,60.473304,265.37,7.605537,333.448841
6,10,44.656888,267.7605,7.464144,319.881532
6,11,45.184642,262.9236,8.20988,316.318122
6,12,78.535716,280.5814,8.323125,367.440241
6,13,66.539077,278.5087,9.054672,354.102449
6,14,55.464909,313.5323,8.669171,377.66638
6,15,49.071696,262.7763,8.694936,320.542932
6,16,51.402358,257.1909,8.002325,316.595583
6,17,56.406271,252.3753,8.124434,316.906005
6,18,50.940066,263.1928,7.375075,321.507941
6,19,47.813078,264.7918,8.199939,320.804817
6,20,40.079989,270.0145,11.249972,321.344461
6,21,69.159384,269.7043,8.311685,347.175369
6,22,28.904119,258.8798,5.869465,293.653384
6,23,41.913156,270.7033,6.146771,318.763227
6,24,31.460334,258.6034,6.112385,296.176119
6,25,26.603235,284.0495,5.76959,316.422325
6,26,29.700629,268.9352,5.989113,304.624942
6,27,28.833157,272.6839,5.777933,307.29499
6,28,27.292987,277.2202,5.820605,310.333792
6,29,28.210608,265.2582,6.249405,299.718213
6,30,27.830075,255.4796,5.908773,289.218448
6,31,27.632335,278.5838,5.799215,312.01535
6,32,26.731122,260.4213,5.906932,293.059354
6,33,26.085517,257.6804,5.780804,289.546721
6,34,26.652197,274.3311,6.067639,307.050936
6,35,38.605337,265.0201,6.007732,309.633169
6,36,32.390307,278.49,6.259233,317.13954
6,37,26.235831,276.6306,6.469964,309.336395
6,38,47.525211,271.9206,7.932718,327.378529
6,39,51.191026,262.1424,6.738102,320.071528
6,40,39.65116,259.3436,6.978002,305.972762
6,41,56.522844,284.1769,8.091998,348.791742
6,42,46.358334,275.7441,7.209687,329.312121
6,43,47.153493,258.9614,7.220999,313.335892
6,44,41.984673,284.5175,8.636556,335.138729
6,45,54.946804,274.9587,8.542045,338.447549
6,46,64.690077,275.8044,8.921443,349.41592
6,47,56.227421,264.5557,7.736231,328.519352
6,48,36.720763,256.3987,6.902153,300.021616
6,49,36.349748,283.8164,6.86994,327.036088
6,50,39.491384,264.7687,7.555193,311.815277
6,51,39.84401,268.1964,7.367905,315.408315
6,52,43.246012,267.2036,7.015015,317.464627
6,53,42.090173,271.319,7.816973,321.226146
6,54,42.462539,259.5561,7.996341,310.01498
6,55,42.381965,308.7064,8.002587,359.090952
6,56,42.351188,313.0993,8.867875,364.318363
6,57,42.799184,273.0734,7.860814,323.733398
6,58,49.655838,271.0214,9.134137,329.811375
6,59,51.365376,277.6123,7.87498,336.852656
6,60,46.421833,264.8455,6.905528,318.172861
6,61,39.390884,262.6168,7.102378,309.110062
6,62,44.820831,269.6717,8.122138,322.614669
6,63,48.188649,281.0106,7.943108,337.142357
6,64,40.032656,259.0589,7.467717,306.559273
6,65,50.67718,272.5254,8.252464,331.455044
6,66,52.548827,274.5625,8.108974,335.220301
6,67,55.211005,266.2628,7.110156,328.583961
6,68,39.744399,282.5312,6.908411,329.18401
6,69,56.365918,264.1969,7.114077,327.676895
6,70,54.580788,278.6353,7.019663,340.235751
6,71,57.936848,262.908,7.999518,328.844366
6,72,47.65995,260.8485,6.821439,315.329889
6,73,43.479084,272.842,7.004114,323.325198
6,74,48.394684,264.4074,6.981002,319.783086
6,75,57.868978,260.6648,8.308737,326.842515
6,76,54.112626,285.7792,7.078247,346.970073
6,77,51.68815,288.331,10.905476,350.924626
6,78,56.556769,259.8405,7.761643,324.158912
6,79,43.020033,281.2804,6.811927,331.11236
6,80,47.239584,273.1015,7.538143,327.879227
6,81,49.323582,268.829,13.853048,332.00563
6,82,49.142824,266.4061,8.040789,323.589713
6,83,43.531269,292.9798,14.501167,351.012236
6,84,50.442052,256.236,8.017788,314.69584
6,85,52.370237,258.8507,8.259096,319.480033
6,86,44.41026,278.463,12.211153,335.084413
6,87,59.196853,303.4225,8.367312,370.986665
6,88,41.762639,263.5497,7.07882,312.391159
6,89,48.11926,263.3718,8.246488,319.737548
6,90,45.034717,262.1665,6.65763,313.858847
6,91,38.881575,271.658,6.659221,317.198796
6,92,56.378159,275.362,7.479324,339.219483
6,93,24.621199,274.7501,5.956523,305.327822
6,94,26.471569,256.3398,8.783127,291.594496
6,95,26.834565,281.8533,6.098009,314.785874
6,96,27.048285,269.8807,6.185839,303.114824
6,97,27.526891,272.3844,5.879154,305.790445
6,98,51.215136,278.4594,5.740225,335.414761
6,99,26.760659,274.8833,6.068524,307.712483
7,0,62.128787,678.3322,11.120766,751.581753
7,1,56.667878,298.4868,20.017667,375.172345
7,2,64.92487,258.1471,14.170681,337.242651
7,3,87.126371,249.2229,14.559187,350.908458
7,4,44.563166,263.4634,10.705862,318.732428
7,5,45.426639,253.2437,9.818395,308.488734
7,6,45.701285,263.9089,19.430493,329.040678
7,7,39.47168,245.9674,10.552445,295.991525
7,8,39.274478,242.6673,10.408728,292.350506
7,9,38.992722,245.7213,10.150515,294.864537
7,10,57.681387,259.5418,10.275505,327.498692
7,11,47.47273,262.5065,10.326979,320.306209
7,12,41.466697,241.615,12.212723,295.29442
7,13,39.456199,240.9412,10.046386,290.443785
7,14,54.110997,247.2753,10.484218,311.870515
7,15,48.151019,242.3498,10.239084,300.739903
7,16,41.207607,247.6423,10.460752,299.310659
7,17,41.494122,239.8323,10.342516,291.668938
7,18,41.871026,261.2728,10.365635,313.509461
7,19,39.844676,261.134,10.657785,311.636461
7,20,81.387835,240.4629,14.742755,336.59349
7,21,64.318006,249.9727,11.581705,325.872411
7,22,82.880487,255.3188,13.836511,352.035798
7,23,40.333209,240.4666,10.177396,290.977205
7,24,39.25083,239.4116,10.397033,289.059463
7,25,39.673456,246.8918,10.320427,296.885683
7,26,48.922696,250.3806,23.786753,323.090049
7,27,41.668861,263.0992,10.107978,314.876039
7,28,39.861269,249.7501,10.468319,300.079688
7,29,40.327097,246.4854,10.232572,297.045069
7,30,46.238853,255.502,10.044384,311.785237
7,31,53.734018,255.4841,10.096654,319.314772
7,32,43.641713,267.5538,10.29485,321.490363
7,33,45.48912,268.1727,10.139557,323.801377
7,34,36.449118,252.8079,10.178768,299.435786
7,35,46.209927,264.0755,10.68294,320.968367
7,36,38.054675,245.4437,10.120802,293.619177
7,37,47.280861,241.3725,10.092969,298.74633
7,38,40.222765,252.2402,10.545915,303.00888
7,39,87.409349,248.6314,12.878302,348.919051
7,40,38.472949,418.5521,10.371022,467.396071
7,41,39.069851,329.3644,16.992824,385.427075
7,42,38.580892,258.2814,10.723283,307.585575
7,43,39.385385,269.5473,10.183627,319.116312
7,44,41.886081,270.0868,21.987652,333.960533
7,45,57.262927,262.1949,10.090823,329.54865
7,46,40.699667,253.2713,10.149383,304.12035
7,47,40.319357,244.1262,10.177407,294.622964
7,48,41.592899,286.3992,9.941727,337.933826
7,49,40.237931,257.2502,10.066888,307.555019
7,50,70.521259,249.4105,10.394997,330.326756
7,51,41.06459,264.6367,10.328607,316.029897
7,52,41.046941,336.0695,10.415797,387.532238
7,53,41.215051,282.0113,15.916945,339.143296
7,54,64.467059,267.7712,11.108494,343.346753
7,55,78.678825,283.4055,21.682377,383.766702
7,56,60.408322,267.7922,10.754701,338.955223
7,57,47.81154,322.811,10.074322,380.696862
7,58,40.76676,250.0206,10.114448,300.901808
7,59,38.516374,246.0728,10.315897,294.905071
7,60,36.556987,254.9572,10.307519,301.821706
7,61,42.510945,256.9016,9.989603,309.402148
7,62,41.255143,253.6627,10.272402,305.190245
7,63,41.134997,258.1031,10.279754,309.517851
7,64,38.136434,258.539,10.094889,306.770323
7,65,37.832178,261.6489,10.08968,309.570758
7,66,56.3324,250.2919,10.253663,316.877963
7,67,41.067127,259.5328,10.023487,310.623414
7,68,39.244904,253.3027,9.986891,302.534495
7,69,39.997915,263.9178,10.318551,314.234266
7,70,39.220738,249.6876,10.157673,299.066011
7,71,69.051884,254.0094,11.943164,335.004448
7,72,85.161926,244.9718,10.08578,340.219506
7,73,44.86994,268.4982,21.6129,334.98104
7,74,39.000407,265.0437,10.423621,314.467728
7,75,58.89993,253.7583,10.040526,322.698756
7,76,36.650893,266.4257,10.125221,313.201814
7,77,37.297016,265.9681,10.246102,313.511218
7,78,37.058297,261.0429,10.304314,308.405511
7,79,40.827815,252.5655,10.112819,303.506134
7,80,55.185874,258.5053,10.113385,323.804559
7,81,49.601356,248.5971,10.108222,308.306678
7,82,40.530224,251.0329,10.129008,301.692132
7,83,38.982314,251.3861,10.258655,300.627069
7,84,54.84197,248.9529,10.230564,314.025434
7,85,42.83259,257.4658,10.028082,310.326472
7,86,35.53946,278.5384,10.052196,324.130056
7,87,69.511379,262.7443,17.331418,349.587097
7,88,70.006504,248.5245,12.674315,331.205319
7,89,43.264253,246.6383,10.254853,300.157406
7,90,43.996079,259.7288,9.990041,313.71492
7,91,36.922279,248.8044,10.237455,295.964134
7,92,39.413458,252.5162,10.108656,302.038314
7,93,36.387859,244.3285,10.237381,290.95374
7,94,35.976066,266.6131,10.228855,312.818021
7,95,36.053973,279.5673,10.187821,325.809094
7,96,39.921971,256.6034,10.395208,306.920579
7,97,42.675277,254.3409,9.877681,306.893858
7,98,38.209359,248.1844,10.224794,296.618553
7,99,36.346007,252.6545,10.472221,299.472728
8,0,74.628143,552.3839,10.660507,637.67255
8,1,47.990743,201.8019,11.918129,261.710772
8,2,40.937924,197.2121,10.074272,248.224296
8,3,48.932918,202.5991,10.140551,261.672569
8,4,41.557066,209.3397,10.19329,261.090056
8,5,41.527399,211.8397,11.944895,265.311994
8,6,43.210124,209.9086,13.481852,266.600576
8,7,42.906293,217.972,9.992294,270.870587
8,8,44.578425,208.1374,10.037455,262.75328
8,9,41.041608,208.7554,10.229854,260.026862
8,10,63.847157,211.0419,10.323942,285.212999
8,11,43.136902,209.9734,10.499321,263.609623
8,12,41.554307,208.3708,10.304605,260.229712
8,13,42.25267,212.5806,10.170765,265.004035
8,14,41.620399,205.0678,10.328824,257.017023
8,15,41.413364,196.0471,10.184134,247.644598
8,16,41.484826,202.8473,15.420073,259.752199
8,17,75.890593,209.4104,11.185894,296.486887
8,18,43.831561,213.9018,10.370883,268.104244
8,19,41.710156,206.4356,9.953292,258.099048
8,20,41.785915,194.5679,10.205738,246.559553
8,21,42.884553,204.2027,17.596563,264.683816
8,22,44.069003,193.3073,10.486125,247.862428
8,23,49.373006,208.4232,9.964467,267.760673
8,24,47.586838,258.135,10.680034,316.401872
8,25,38.283117,211.1755,10.214156,259.672773
8,26,47.684782,219.0554,10.864079,277.604261
8,27,53.922516,209.4647,10.278547,273.665763
8,28,60.920928,208.4367,10.533333,279.890961
8,29,43.669582,234.5228,10.103716,288.296098
8,30,38.750687,196.334,15.640139,250.724826
8,31,51.186563,200.0657,9.962903,261.215166
8,32,39.227589,219.1866,10.346771,268.76096
8,33,46.794365,230.6044,10.300542,287.699307
8,34,38.606095,213.7005,11.34836,263.654955
8,35,42.591223,226.1328,10.448148,279.172171
8,36,76.058239,224.7271,14.60771,315.393049
8,37,46.09115,221.2235,10.424146,277.738796
8,38,57.12241,212.9605,10.09138,280.17429
8,39,43.485602,200.5858,10.402533,254.473935
8,40,44.273002,212.0691,10.315231,266.657333
8,41,43.254049,217.4426,10.345306,271.041955
8,42,40.274616,208.59,10.151145,259.015761
8,43,39.327514,215.51,13.270471,268.107985
8,44,56.398343,217.9982,10.30422,284.700763
8,45,47.199065,224.204,10.239896,281.642961
8,46,53.156894,196.3655,10.644244,260.166638
8,47,45.178937,232.2696,9.852367,287.300904
8,48,40.883887,221.8988,10.979945,273.762632
8,49,38.852463,198.3335,10.235321,247.421284
8,50,38.950722,204.6483,11.031209,254.630231
8,51,41.257476,227.346,10.464621,279.068097
8,52,41.915914,206.5253,19.611586,268.0528
8,53,66.343151,196.1485,10.086603,272.578254
8,54,43.577694,213.0107,10.740858,267.329252
8,55,73.75828,205.4897,12.848152,292.096132
8,56,74.228128,205.2756,12.225742,291.72947
8,57,39.629677,203.9794,10.456473,254.06555
8,58,38.361783,202.7735,9.895854,251.031137
8,59,44.991161,208.608,10.227236,263.826397
8,60,43.219531,198.7063,9.953279,251.87911
8,61,46.399925,217.3841,10.434306,274.218331
8,62,52.688269,214.2839,19.348096,286.320265
8,63,41.831915,220.4332,16.192729,278.457844
8,64,47.095158,208.0249,10.090195,265.210253
8,65,44.070726,201.3657,10.206997,255.643423
8,66,47.220787,207.3708,10.95722,265.548807
8,67,41.603676,222.4049,10.216069,274.224645
8,68,43.198457,218.7238,19.938775,281.861032
8,69,64.979387,199.7548,10.158989,274.893176
8,70,38.872426,210.3168,10.355603,259.544829
8,71,45.381453,199.5168,9.905882,254.804135
8,72,44.416055,199.4373,10.146177,253.999532
8,73,48.297054,224.213,9.868639,282.378693
8,74,38.072508,220.7448,10.549701,269.367009
8,75,62.166823,207.3646,12.04052,281.571943
8,76,44.150817,200.1788,10.387889,254.717506
8,77,43.859931,231.4524,10.121757,285.434088
8,78,44.144003,204.7529,16.448016,265.344919
8,79,39.524234,217.9169,10.159614,267.600748
8,80,52.739657,212.4166,10.419096,275.575353
8,81,41.285624,213.5219,10.308268,265.115792
8,82,62.390506,214.4641,10.616685,287.471291
8,83,44.313038,211.9029,10.399376,266.615314
8,84,57.103429,217.1519,10.74906,285.004389
8,85,44.28189,205.164,10.208363,259.654253
8,86,44.89031,204.1373,10.472719,259.500329
8,87,44.780107,224.2053,12.776569,281.761976
8,88,41.02833,201.9182,10.269047,253.215577
8,89,44.834143,199.1371,10.036177,254.00742
8,90,44.150613,200.5886,10.230216,254.969429
8,91,48.835918,210.6109,10.268019,269.714837
8,92,50.418347,215.604,10.583069,276.605416
8,93,43.691637,211.068,10.817169,265.576806
8,94,72.216629,199.6848,12.687426,284.588855
8,95,43.449195,199.0199,10.302764,252.771859
8,96,43.229253,216.9454,10.298344,270.472997
8,97,44.016059,205.6597,10.449397,260.125156
8,98,38.577374,221.6556,10.604335,270.837309
8,99,41.580769,208.6181,11.049239,261.248108
9,0,98.762271,490.7585,10.874849,600.39562
9,1,53.495335,157.3763,16.936048,227.807683
9,2,44.017781,163.3865,10.440297,217.844578
9,3,46.486572,163.8974,10.753167,221.137139
9,4,43.897894,172.6731,20.562966,237.13396
9,5,43.745025,154.8646,10.310228,208.919853
9,6,58.763227,168.713,11.581047,239.057274
9,7,98.140499,168.8855,12.057356,279.083355
9,8,46.606812,153.2884,10.380147,210.275359
9,9,45.005253,163.1874,10.465492,218.658145
9,10,42.294781,169.8337,21.834123,233.962604
9,11,45.60134,154.7434,10.586723,210.931463
9,12,65.702194,166.9933,12.559921,245.255415
9,13,45.389546,160.2292,10.380463,215.999209
9,14,41.024793,151.112,10.480901,202.617694
9,15,50.689085,158.3774,10.288578,219.355063
9,16,50.390107,174.229,10.528539,235.147646
9,17,43.670933,152.7264,10.272487,206.66982
9,18,43.602897,156.9225,10.298122,210.823519
9,19,43.955486,158.1281,10.57923,212.662816
9,20,43.026976,161.2288,10.436593,214.692369
9,21,45.576285,155.4727,10.559045,211.60803
9,22,46.741495,166.0676,10.580891,223.389986
9,23,57.278223,159.3502,10.334638,226.963061
9,24,46.988566,159.756,10.675072,217.419638
9,25,59.848901,167.9071,10.454522,238.210523
9,26,45.033512,164.301,10.564472,219.898984
9,27,45.037531,152.9293,10.172678,208.139509
9,28,61.146313,164.84,10.197693,236.184006
9,29,41.470807,158.8533,10.824538,211.148645
9,30,62.612891,153.7751,11.411821,227.799812
9,31,71.636968,161.6632,14.270316,247.570484
9,32,46.118872,154.5502,10.62661,211.295682
9,33,41.779934,170.293,10.245915,222.318849
9,34,51.315986,162.3562,10.732827,224.405013
9,35,48.099908,159.4424,10.328215,217.870523
9,36,41.199088,161.1935,10.375838,212.768426
9,37,50.287349,170.491,12.076117,232.854466
9,38,41.53951,155.1599,10.165759,206.865169
9,39,42.006339,156.1004,10.625616,208.732355
9,40,40.972405,166.8155,10.392134,218.180039
9,41,53.107283,163.1353,10.579739,226.822322
9,42,59.62344,155.2807,10.502807,225.406947
9,43,49.915501,155.0777,10.561086,215.554287
9,44,40.93672,155.9449,10.370083,207.251703
9,45,40.767148,182.4028,10.597046,233.766994
9,46,41.529899,162.5478,10.33097,214.408669
9,47,50.588104,154.5889,10.357208,215.534212
9,48,41.054811,186.5458,10.854835,238.455446
9,49,42.05856,169.8581,10.56689,222.48355
9,50,42.051505,171.7159,17.108173,230.875578
9,51,49.899519,156.7214,10.50487,217.125789
9,52,50.688492,157.1693,10.257523,218.115315
9,53,41.546991,174.5405,10.77233,226.859821
9,54,64.0566,156.6148,12.375415,233.046815
9,55,57.88555,170.3159,12.082422,240.283872
9,56,70.705459,159.6993,13.800407,244.205166
9,57,71.066899,164.3374,13.11962,248.523919
9,58,41.234254,156.767,10.472993,208.474247
9,59,41.044793,222.513,10.815923,274.373716
9,60,41.647213,198.9158,14.135697,254.69871
9,61,41.007034,166.2554,10.456275,217.718709
9,62,47.522747,165.2965,10.434389,223.253636
9,63,54.904136,163.4832,10.328967,228.716303
9,64,52.506715,176.2016,17.152797,245.861112
9,65,41.339086,167.7239,10.357169,219.420155
9,66,49.696132,175.7231,10.446684,235.865916
9,67,50.473754,173.254,10.842193,234.569947
9,68,50.225145,163.8865,19.310684,233.422329
9,69,44.443999,169.234,10.495126,224.173125
9,70,56.67034,175.8185,13.403123,245.891963
9,71,45.455693,174.0643,10.490815,230.010808
9,72,44.35576,159.2084,10.486549,214.050709
9,73,52.60701,156.5796,10.27884,219.46545
9,74,42.34165,158.7597,10.359681,211.461031
9,75,53.18632,162.8829,10.789454,226.858674
9,76,41.526436,152.5318,10.464123,204.522359
9,77,53.103283,164.5596,10.606627,228.26951
9,78,43.576842,177.9816,10.563883,232.122325
9,79,80.871375,163.6904,14.317133,258.878908
9,80,47.3481,161.5124,10.58858,219.44908
9,81,67.176253,157.3944,10.359957,234.93061
9,82,55.285113,161.1007,10.621025,227.006838
9,83,50.104646,158.7526,10.337281,219.194527
9,84,50.132554,163.2747,10.290895,223.698149
9,85,47.091954,164.9334,10.828081,222.853435
9,86,46.257778,166.2461,10.366261,222.870139
9,87,43.533231,159.9823,10.448845,213.964376
9,88,45.847949,181.3735,10.387247,237.608696
9,89,47.554931,168.7426,10.520679,226.81821
9,90,70.368369,171.7082,10.395902,252.472471
9,91,43.921412,154.1684,10.447044,208.536856
9,92,47.001122,182.9449,10.409997,240.356019
9,93,46.062206,162.5307,10.520196,219.113102
9,94,68.061003,157.9613,10.508272,236.530575
9,95,44.04504,160.6433,10.784131,215.472471
9,96,45.836578,159.2455,10.425357,215.507435
9,97,47.370118,167.7058,10.681414,225.757332
9,98,45.874522,155.4393,12.566684,213.880506
9,99,43.921505,166.1453,10.621226,220.688031
10,0,78.778192,453.2794,4.866103,536.923695
10,1,27.133376,165.4342,3.637774,196.20535
10,2,27.272023,156.618,3.983558,187.873581
10,3,27.15558,178.944,3.830632,209.930212
10,4,26.750824,151.1184,3.778456,181.64768
10,5,26.327607,160.4396,3.753126,190.520333
10,6,26.636215,145.1141,3.914518,175.664833
10,7,27.098247,159.6223,3.859952,190.580499
10,8,26.848842,147.2282,3.717491,177.794533
10,9,35.466367,152.7935,3.737117,191.996984
10,10,26.707862,161.8236,3.834351,192.365813
10,11,26.741214,150.7278,3.826744,181.295758
10,12,27.141229,146.9763,3.673302,177.790831
10,13,29.824739,154.0061,3.8388,187.669639
10,14,28.382308,158.0376,3.768742,190.18865
10,15,27.890591,163.3425,3.643549,194.87664
10,16,27.677741,177.3115,6.807082,211.796323
10,17,27.034025,169.4341,4.181272,200.649397
10,18,49.557318,156.1984,4.924171,210.679889
10,19,43.576138,148.6362,4.790912,197.00325
10,20,43.487879,153.1462,5.027586,201.661665
10,21,38.013304,148.5153,4.647444,191.176048
10,22,36.54269,174.7083,7.379395,218.630385
10,23,33.524182,148.629,4.674465,186.827647
10,24,39.674344,165.1578,5.053032,209.885176
10,25,49.672465,152.0639,5.979461,207.715826
10,26,35.564829,159.804,4.532076,199.900905
10,27,38.105044,160.7906,4.898406,203.79405
10,28,36.00301,168.9318,5.17553,210.11034
10,29,53.534464,150.2387,5.808589,209.581753
10,30,39.966748,148.1574,5.271118,193.395266
10,31,51.469929,157.7369,5.152746,214.359575
10,32,37.592845,186.8055,5.125725,229.52407
10,33,42.049245,147.2991,5.159725,194.50807
10,34,35.599199,148.6861,4.820621,189.10592
10,35,49.089064,147.3139,5.207739,201.610703
10,36,43.526101,168.8293,8.164834,220.520235
10,37,48.980657,169.2668,5.449913,223.69737
10,38,62.834741,154.3507,5.762436,222.947877
10,39,36.5953,165.735,9.187507,211.517807
10,40,27.008693,162.8818,3.972769,193.863262
10,41,29.589204,148.5007,3.784626,181.87453
10,42,29.399983,150.5435,3.655492,183.598975
10,43,29.679313,150.0612,3.803721,183.544234
10,44,30.665804,158.8525,3.752538,193.270842
10,45,29.673036,148.9101,3.833369,182.416505
10,46,30.012626,153.1189,3.779083,186.910609
10,47,27.629612,168.1855,3.76724,199.582352
10,48,28.169699,171.1879,3.741903,203.099502
10,49,28.171885,146.7195,3.781603,178.672988
10,50,27.267338,150.1252,3.743795,181.136333
10,51,28.150292,157.8463,3.734358,189.73095
10,52,25.667261,156.8819,3.71188,186.261041
10,53,26.556568,159.9158,3.902559,190.374927
10,54,26.566308,181.9974,3.95457,212.518278
10,55,25.397486,185.8005,3.754675,214.952661
10,56,25.418726,163.0839,3.763336,192.265962
10,57,26.057553,155.5225,3.801608,185.381661
10,58,26.014888,176.2283,3.761656,206.004844
10,59,26.009628,186.2459,3.751548,216.007076
10,60,25.650243,180.1856,3.771835,209.607678
10,61,25.663224,204.9626,3.937029,234.562853
10,62,26.232644,184.3996,3.766903,214.399147
10,63,25.509355,204.5918,4.290162,234.391317
10,64,37.480736,182.0086,5.317653,224.806989
10,65,38.511559,177.6585,5.211723,221.381782
10,66,33.632608,155.8442,4.736006,194.212814
10,67,39.045405,171.6805,4.90649,215.632395
10,68,40.960126,156.1589,10.324617,207.443643
10,69,35.442812,160.4857,4.458537,200.387049
10,70,42.087522,154.6621,5.045096,201.794718
10,71,35.489848,159.1813,4.746187,199.417335
10,72,41.044033,165.459,5.371678,211.874711
10,73,39.57051,178.4798,5.416839,223.467149
10,74,43.312899,172.6169,4.975043,220.904842
10,75,40.827702,170.7228,5.232382,216.782884
10,76,40.012339,154.7642,5.229827,200.006366
10,77,33.948697,157.4444,4.57018,195.963277
10,78,39.539567,158.9952,4.948324,203.483091
10,79,43.552804,173.7804,5.064679,222.397883
10,80,36.487172,160.5346,7.473494,204.495266
10,81,40.270967,178.2182,4.493395,222.982562
10,82,37.157017,156.5457,4.606296,198.309013
10,83,40.901553,162.6274,16.358677,219.88763
10,84,41.732267,164.5776,4.932035,211.241902
10,85,35.552126,158.3882,4.503075,198.443401
10,86,46.79629,170.4267,5.365631,222.588621
10,87,36.652374,154.0812,5.014761,195.748335
10,88,40.071543,172.9549,6.635559,219.662002
10,89,36.484227,167.5782,4.867294,208.929721
10,90,40.854257,156.2696,5.035672,202.159529
10,91,43.040088,159.3254,4.499162,206.86465
10,92,56.313843,162.7031,5.054682,224.071625
10,93,43.446695,160.8204,4.849532,209.116627
10,94,31.923476,148.5464,4.672175,185.142051
10,95,57.091891,155.5244,5.146675,217.762966
10,96,41.637138,149.1448,5.017229,195.799167
10,97,42.00706,154.8363,4.608343,201.451703
10,98,38.132248,152.0383,4.87872,195.049268
10,99,43.129216,152.4957,4.935129,200.560045
11,0,115.776099,437.32,6.397293,559.493392
11,1,31.544777,143.43,14.459325,189.434102
11,2,35.607236,143.4361,5.766775,184.810111
11,3,42.039375,135.1953,6.027525,183.2622
11,4,31.647794,131.0093,5.75657,168.413664
11,5,47.835502,163.6291,5.791942,217.256544
11,6,33.278796,145.4011,6.08327,184.763166
11,7,33.385962,144.0202,6.369034,183.775196
11,8,34.47358,148.1644,5.918685,188.556665
11,9,33.796717,126.8572,5.791489,166.445406
11,10,33.317314,138.5805,5.946867,177.844681
11,11,34.645319,145.7778,6.005956,186.429075
11,12,35.157426,130.5661,6.012068,171.735594
11,13,34.079806,135.0412,5.727463,174.848469
11,14,34.478636,148.7917,6.109543,189.379879
11,15,34.259286,129.4201,6.032302,169.711688
11,16,48.283053,130.308,6.677664,185.268717
11,17,61.236534,133.1928,7.414346,201.84368
11,18,49.410486,136.2832,7.388767,193.082453
11,19,70.570403,128.5604,6.930908,206.061711
11,20,44.824347,139.7066,6.751728,191.282675
11,21,57.847179,154.4532,8.507444,220.807823
11,22,48.021963,136.6684,7.607191,192.297554
11,23,59.638976,131.1804,7.072417,197.891793
11,24,51.612186,135.8087,7.451604,194.87249
11,25,47.402618,130.9681,7.594381,185.965099
11,26,62.528448,135.3782,7.728698,205.635346
11,27,55.623406,132.0918,7.881945,195.597151
11,28,50.005128,142.0896,7.327957,199.422685
11,29,55.77333,141.4867,7.943172,205.203202
11,30,69.182159,149.5171,7.705769,226.405028
11,31,51.975849,129.4263,7.390514,188.792663
11,32,39.968914,136.7125,6.756377,183.437791
11,33,56.097604,136.0043,7.940091,200.041995
11,34,45.622117,132.4685,7.029843,185.12046
11,35,58.442877,130.6974,7.537159,196.677436
11,36,48.405626,134.2594,7.218608,189.883634
11,37,41.323974,128.8023,6.964006,177.09028
11,38,40.319985,136.9067,6.955284,184.181969
11,39,68.891088,136.6371,7.573121,213.101309
11,40,39.984229,147.3421,6.969464,194.295793
11,41,55.356278,132.1325,13.473818,200.962596
11,42,49.14297,135.4041,7.506875,192.053945
11,43,59.193091,129.1911,7.458086,195.842277
11,44,51.508484,135.9019,7.614198,195.024582
11,45,45.109547,148.0853,8.068765,201.263612
11,46,47.99126,149.606,7.687405,205.284665
11,47,69.867226,127.4921,8.984273,206.343599
11,48,44.222798,131.7807,7.10563,183.109128
11,49,54.898727,130.6078,7.070375,192.576902
11,50,43.501416,143.5584,6.888222,193.948038
11,51,61.863935,137.7746,7.684423,207.322958
11,52,40.884868,129.133,6.823674,176.841542
11,53,54.27103,138.1543,7.277465,199.702795
11,54,41.150328,155.598,7.155701,203.904029
11,55,55.8007,137.4016,7.379393,200.581693
11,56,72.815066,135.9796,7.663163,216.457829
11,57,53.025413,128.5735,7.763004,189.361917
11,58,57.823272,133.1824,7.589244,198.594916
11,59,45.293675,137.5772,7.081775,189.95265
11,60,51.326355,129.847,7.867601,189.040956
11,61,59.479515,136.7063,7.823214,204.009029
11,62,57.269426,168.1577,8.636213,234.063339
11,63,63.084942,157.0175,8.420286,228.522728
11,64,49.912721,149.0352,13.426615,212.374536
11,65,58.252472,128.9026,7.877918,195.03299
11,66,50.599585,146.326,12.81496,209.740545
11,67,47.302396,138.9401,6.912252,193.154748
11,68,42.118207,132.8984,7.214584,182.231191
11,69,62.132692,135.5716,7.328041,205.032333
11,70,61.199979,149.1292,8.27763,218.606809
11,71,49.41569,155.8865,7.06157,212.36376
11,72,47.311063,129.7626,7.511875,184.585538
11,73,53.148374,130.1095,7.863228,191.121102
11,74,49.650132,129.3119,8.495458,187.45749
11,75,53.410853,140.5366,9.696097,203.64355
11,76,48.766048,142.2515,7.401592,198.41914
11,77,47.878464,146.8693,12.786729,207.534493
11,78,51.354745,134.7836,7.299068,193.437413
11,79,67.756154,129.2169,6.828439,203.801493
11,80,55.743701,144.0366,7.195735,206.976036
11,81,41.545009,127.1309,6.799109,175.475018
11,82,50.402532,148.794,7.0894,206.285932
11,83,49.655317,130.6069,7.771916,188.034133
11,84,40.182171,146.7704,7.180223,194.132794
11,85,71.937074,131.5019,9.650741,213.089715
11,86,38.367615,127.9369,5.825555,172.13007
11,87,40.777591,130.9973,5.742681,177.517572
11,88,32.284713,129.8581,6.041686,168.184499
11,89,31.486092,151.0214,12.008836,194.516328
11,90,32.24738,142.0002,5.986668,180.234248
11,91,36.036324,131.3696,5.776709,173.182633
11,92,37.785917,147.1557,5.75897,190.700587
11,93,37.773176,131.0528,6.13238,174.958356
11,94,31.26626,155.4605,11.894322,198.621082
11,95,32.741116,135.7327,5.80288,174.276696
11,96,33.197334,130.2369,5.942068,169.376302
11,97,34.411358,146.9885,11.69576,193.095618
11,98,32.417101,145.805,10.647376,188.869477
11,99,33.048502,131.3519,5.655708,170.05611
12,0,182.010841,379.2888,6.663068,567.962709
12,1,35.950769,96.4169,11.520462,143.888131
12,2,36.511967,79.8291,6.087241,122.428308
12,3,38.602409,77.2339,5.768175,121.604484
12,4,33.902826,76.7569,5.98701,116.646736
12,5,36.715187,77.1994,6.144949,120.059536
12,6,35.857362,76.7403,5.986129,118.583791
12,7,35.553273,76.8984,5.750048,118.201721
12,8,35.56631,76.9986,6.038585,118.603495
12,9,35.68816,77.7178,5.636864,119.042824
12,10,36.968203,77.6198,6.126749,120.714752
12,11,35.001853,77.0821,8.241526,120.325479
12,12,37.366458,95.0473,10.564548,142.978306
12,13,36.270728,83.7083,7.802078,127.781106
12,14,34.633449,77.025,5.829631,117.48808
12,15,37.139183,77.5212,5.948204,120.608587
12,16,36.80976,83.5659,5.752741,126.128401
12,17,37.653807,83.7511,5.861204,127.266111
12,18,35.510273,83.8241,5.786667,125.12104
12,19,36.707316,79.3711,5.893896,121.972312
12,20,40.542501,77.9606,6.019076,124.522177
12,21,35.515644,76.8563,6.013738,118.385682
12,22,38.061266,77.6048,5.771067,121.437133
12,23,34.024362,81.7427,5.908494,121.675556
12,24,48.911695,85.4908,7.933707,142.336202
12,25,48.031833,82.5064,10.639702,141.177935
12,26,53.16717,84.1311,8.783431,146.081701
12,27,55.890643,76.3945,7.091329,139.376472
12,28,60.677965,84.2243,7.69013,152.592395
12,29,53.364631,76.7036,8.092549,138.16078
12,30,46.653865,77.3513,7.518589,131.523754
12,31,60.751001,79.1734,7.537341,147.461742
12,32,47.005917,77.8691,9.587597,134.462614
12,33,56.661061,97.259,10.692564,164.612625
12,34,49.475392,77.0527,7.215677,133.743769
12,35,54.592767,79.8483,7.570767,142.011834
12,36,50.091534,77.7575,7.864511,135.713545
12,37,44.426369,77.0441,7.084481,128.55495
12,38,45.341471,77.953,6.941963,130.236434
12,39,45.999835,79.3872,6.584696,131.971731
12,40,63.597103,77.8866,7.402563,148.886266
12,41,41.471065,78.6265,6.849309,126.946874
12,42,49.886073,77.8553,9.201604,136.942977
12,43,64.805275,96.8045,11.93539,173.545165
12,44,65.216734,76.8865,9.117414,151.220648
12,45,42.723052,78.6007,8.21954,129.543292
12,46,44.278778,77.3541,9.940357,131.573235
12,47,53.531574,95.9153,12.283984,161.730858
12,48,50.015424,88.4533,9.696067,148.164791
12,49,47.790632,86.7258,7.347645,141.864077
12,50,71.464116,90.887,6.757724,169.10884
12,51,50.508234,112.3649,7.755487,170.628621
12,52,45.128844,81.2407,7.122376,133.49192
12,53,49.17147,78.988,7.250672,135.410142
12,54,56.34962,78.952,6.689326,141.990946
12,55,44.974863,78.9732,6.486757,130.43482
12,56,50.644639,78.3884,7.727513,136.760552
12,57,50.564308,78.5358,6.728696,135.828804
12,58,49.461244,78.2524,7.086429,134.800073
12,59,60.988461,79.2401,6.456373,146.684934
12,60,53.423409,85.4905,6.999997,145.913906
12,61,71.505153,77.228,7.611537,156.34469
12,62,35.323831,78.4543,6.040649,119.81878
12,63,35.194721,86.01,8.478348,129.683069
12,64,35.310812,100.2489,5.906776,141.466488
12,65,35.306442,102.5181,6.033995,143.858537
12,66,35.650882,107.3757,5.773887,148.800469
12,67,34.818651,91.076,7.280531,133.175182
12,68,38.248172,78.1931,5.812187,122.253459
12,69,35.856178,79.6807,5.930366,121.467244
12,70,40.334799,85.692,6.163485,132.190284
12,71,33.385387,84.3552,5.808895,123.549482
12,72,34.853947,81.8785,5.868138,122.600585
12,73,34.064473,79.058,5.720631,118.843104
12,74,35.437496,78.1626,5.924056,119.524152
12,75,34.851077,79.2661,5.982915,120.100092
12,76,38.875758,79.7233,5.929137,124.528195
12,77,36.417376,79.8842,5.755051,122.056627
12,78,34.695856,79.7047,8.901652,123.302208
12,79,35.029371,95.1928,9.607037,139.829208
12,80,35.360145,101.9304,13.560996,150.851541
12,81,34.795502,97.635,5.807128,138.23763
12,82,35.762826,88.9821,6.172204,130.91713
12,83,35.959787,101.9716,11.149265,149.080652
12,84,44.258371,82.6025,5.974333,132.835204
12,85,47.071824,82.4066,5.959124,135.437548
12,86,35.648309,79.9578,6.03428,121.640389
12,87,35.30307,86.5763,5.837268,127.716638
12,88,36.47854,78.3377,6.254595,121.070835
12,89,34.768631,86.353,6.135067,127.256698
12,90,34.206934,95.1269,5.859142,135.192976
12,91,36.526669,78.5947,5.906777,121.028146
12,92,47.129316,79.8648,6.139846,133.133962
12,93,47.562108,79.406,5.863134,132.831242
12,94,36.370523,79.9323,6.102271,122.405094
12,95,36.50804,93.95,9.025521,139.483561
12,96,36.153987,120.1694,8.703311,165.026698
12,97,36.014711,104.9315,9.573252,150.519463
12,98,37.02933,92.5868,6.542095,136.158225
12,99,53.585229,85.8675,7.2052,146.657929
13,0,243.168335,364.5617,8.774499,616.504534
13,1,41.200953,58.3414,5.921087,105.46344
13,2,40.522386,45.8988,6.309407,92.730593
13,3,39.483694,49.3599,6.049125,94.892719
13,4,39.641896,46.0663,5.92952,91.637716
13,5,40.986288,45.2283,5.87727,92.091858
13,6,38.877607,42.0011,5.931263,86.80997
13,7,39.565822,45.9365,5.980932,91.483254
13,8,41.116009,40.2603,8.45774,89.834049
13,9,40.78905,39.6893,5.819774,86.298124
13,10,41.172046,39.8353,6.032641,87.039987
13,11,40.719865,39.9468,5.739883,86.406548
13,12,45.758868,40.2273,5.793676,91.779844
13,13,45.379242,40.2439,5.930815,91.553957
13,14,39.104568,40.7915,5.786804,85.682872
13,15,39.392935,40.296,5.774679,85.463614
13,16,38.82383,40.5053,6.051189,85.380319
13,17,42.632567,39.7105,5.992461,88.335528
13,18,41.02577,40.3942,5.900699,87.320669
13,19,40.989067,40.4683,6.241224,87.698591
13,20,42.052574,39.7822,5.963612,87.798386
13,21,39.599378,39.7178,6.00616,85.323338
13,22,38.241929,39.87,5.868331,83.98026
13,23,39.556026,40.157,6.081419,85.794445
13,24,40.06602,39.688,6.607585,86.361605
13,25,44.789137,41.2002,6.197799,92.187136
13,26,38.547166,40.9876,5.865312,85.400078
13,27,40.713828,41.5784,5.931079,88.223307
13,28,40.425739,39.6032,6.000614,86.029553
13,29,40.520386,39.5111,5.83205,85.863536
13,30,39.938726,39.6274,6.128746,85.694872
13,31,45.203096,39.6834,6.589851,91.476347
13,32,45.82283,39.6641,6.731557,92.218487
13,33,51.054609,42.4567,6.824483,100.335792
13,34,52.341372,39.8035,6.694323,98.839195
13,35,45.784756,40.1637,6.790156,92.738612
13,36,45.810108,41.2013,6.933876,93.945284
13,37,45.9207,40.2643,6.664722,92.849722
13,38,45.620555,40.0613,6.637577,92.319432
13,39,46.83632,39.5672,6.59383,92.99735
13,40,45.353021,39.9327,6.778584,92.064305
13,41,57.368023,42.3488,7.180936,106.897759
13,42,50.778371,47.1227,7.468889,105.36996
13,43,48.270378,44.3211,7.788367,100.379845
13,44,53.237067,40.0543,7.108387,100.399754
13,45,49.749104,39.7739,6.633924,96.156928
13,46,49.55229,40.1371,6.906162,96.595552
13,47,53.424268,44.3919,6.530432,104.3466
13,48,46.593674,41.2346,6.582894,94.411168
13,49,55.022252,41.1214,6.876685,103.020337
13,50,56.233535,45.4414,7.227747,108.902682
13,51,55.241934,39.7394,6.342002,101.323336
13,52,58.217699,40.2749,7.285634,105.778233
13,53,50.293634,39.8695,6.916061,97.079195
13,54,46.506156,41.7223,6.647115,94.875571
13,55,45.776997,39.8644,7.019734,92.661131
13,56,46.098271,42.4932,6.656058,95.247529
13,57,46.55599,39.5283,6.826506,92.910796
13,58,46.373566,39.6312,6.957085,92.961851
13,59,50.113581,39.8595,6.603972,96.577053
13,60,52.567833,39.9477,7.343522,99.859055
13,61,44.681712,41.4659,6.722202,92.869814
13,62,45.338502,41.496,6.584547,93.419049
13,63,54.184946,40.0442,6.792972,101.022118
13,64,57.947721,40.0224,6.574274,104.544395
13,65,48.733115,39.6682,6.639885,95.0412
13,66,50.579224,40.4224,7.010599,98.012223
13,67,52.368798,39.4766,6.631227,98.476625
13,68,45.246725,39.5218,6.854488,91.623013
13,69,52.815423,61.2995,12.000744,126.115667
13,70,45.106541,41.2569,6.520576,92.884017
13,71,45.995402,39.7685,6.750805,92.514707
13,72,48.207953,41.7175,7.046484,96.971937
13,73,49.968731,39.6798,6.745561,96.394092
13,74,45.783497,39.5556,6.7253,92.064397
13,75,49.373441,49.6142,7.319957,106.307598
13,76,52.922533,42.689,6.951845,102.563378
13,77,51.167255,48.9376,6.793477,106.898332
13,78,45.959403,39.7071,6.880537,92.54704
13,79,55.3391,39.8462,6.507366,101.692666
13,80,52.037969,40.2772,6.780598,99.095767
13,81,46.464527,39.9692,6.583826,93.017553
13,82,51.823341,39.9839,6.956882,98.764123
13,83,46.918837,39.8385,6.435492,93.192829
13,84,47.367333,40.945,9.14847,97.460803
13,85,49.222961,39.4629,6.486707,95.172568
13,86,57.413207,39.6468,7.057114,104.117121
13,87,52.1108,39.7809,6.832922,98.724622
13,88,54.782847,40.0419,6.920381,101.745128
13,89,50.497522,39.963,6.765839,97.226361
13,90,44.826192,41.4065,6.842378,93.07507
13,91,48.112936,39.7548,6.986113,94.853849
13,92,50.25808,41.1654,6.74313,98.16661
13,93,51.973969,39.8064,6.397241,98.17761
13,94,47.725847,42.5587,6.430374,96.714921
13,95,48.156158,40.3089,6.49805,94.963108
13,96,45.862738,39.8617,6.695067,92.419505
13,97,46.349992,39.5718,6.711692,92.633484
13,98,46.546822,41.4777,6.558792,94.583314
13,99,50.779333,41.7816,6.713665,99.274598
14,0,237.791024,361.5821,3.404579,602.777703
14,1,35.094944,62.0393,4.970529,102.104773
14,2,34.976649,37.2013,2.981627,75.159576
14,3,35.230147,37.7386,2.941767,75.910514
14,4,31.251744,37.4243,2.978347,71.654391
14,5,31.62461,37.4574,3.033709,72.115719
14,6,30.296846,37.2563,2.862721,70.415867
14,7,32.102569,37.1375,2.976132,72.216201
14,8,35.316774,37.8834,2.861132,76.061306
14,9,30.934988,38.4844,2.999402,72.41879
14,10,35.351645,38.0752,3.116939,76.543784
14,11,35.520458,37.3728,2.955607,75.848865
14,12,35.537513,37.2956,2.82442,75.657533
14,13,35.579012,37.3131,2.978752,75.870864
14,14,35.543643,37.3913,2.916348,75.851291
14,15,31.950533,37.5794,3.002726,72.532659
14,16,31.035191,37.6514,3.009541,71.696132
14,17,31.073079,37.6251,3.000749,71.698928
14,18,31.452168,37.4541,2.881659,71.787927
14,19,35.612623,37.2776,2.887401,75.777624
14,20,31.281706,36.8822,2.830251,70.994157
14,21,32.080883,37.306,3.039166,72.426049
14,22,31.86046,37.2682,3.03693,72.16559
14,23,32.264048,37.7718,2.962529,72.998377
14,24,31.752498,42.1383,3.356237,77.247035
14,25,32.02242,42.2347,2.790491,77.047611
14,26,33.203168,37.0579,3.046861,73.307929
14,27,30.508992,37.0691,2.947237,70.525329
14,28,33.812995,37.191,2.974391,73.978386
14,29,32.06292,37.3865,2.872426,72.321846
14,30,30.653824,37.683,2.913534,71.250358
14,31,30.186718,37.3448,2.968737,70.500255
14,32,30.841266,37.6528,2.835624,71.32969
14,33,30.719213,37.9534,3.017963,71.690576
14,34,30.848729,37.4592,2.750431,71.05836
14,35,34.573319,38.0913,3.277578,75.942197
14,36,38.973254,37.0277,3.431539,79.432493
14,37,40.207798,36.8276,3.509566,80.544964
14,38,35.162777,37.3441,3.3261,75.832977
14,39,33.299537,37.019,3.739403,74.05794
14,40,34.417748,37.101,3.259907,74.778655
14,41,35.863269,36.9226,3.537268,76.323137
14,42,34.495024,38.4439,3.182142,76.121066
14,43,33.440572,37.6161,3.218839,74.275511
14,44,35.549476,36.9481,3.477103,75.974679
14,45,37.046924,37.6529,3.52998,78.229804
14,46,35.249535,37.4094,3.287189,75.946124
14,47,33.763809,38.4404,3.420268,75.624477
14,48,35.092981,38.8605,3.709699,77.66318
14,49,35.60355,37.5928,3.420822,76.617172
14,50,35.08887,37.1227,3.647369,75.858939
14,51,34.823281,37.1315,3.429331,75.384112
14,52,35.593013,37.028,3.537756,76.158769
14,53,40.63007,38.1624,3.670343,82.462813
14,54,36.69489,36.8652,3.268413,76.828503
14,55,41.766225,38.9623,3.997709,84.726234
14,56,37.047719,37.37,3.557697,77.975416
14,57,35.759603,38.6672,3.621742,78.048545
14,58,37.463308,38.6149,3.927946,80.006154
14,59,35.282442,37.4007,3.279278,75.96242
14,60,34.751169,36.7483,3.396591,74.89606
14,61,36.343245,56.6382,4.763762,97.745207
14,62,45.171356,38.2622,3.513358,86.946914
14,63,35.601253,39.8859,3.087831,78.574984
14,64,35.099278,39.4961,3.368818,77.964196
14,65,34.753725,37.5248,3.532599,75.811124
14,66,39.309158,38.0705,3.56193,80.941588
14,67,39.568082,44.6627,3.497866,87.728648
14,68,37.622991,44.0358,4.210597,85.869388
14,69,39.564601,55.9547,4.179997,99.699298
14,70,38.071412,36.8767,3.446041,78.394153
14,71,42.388108,38.2337,3.57497,84.196778
14,72,35.556921,37.919,3.374916,76.850837
14,73,37.033035,37.1926,3.553617,77.779252
14,74,41.654578,38.1002,3.436287,83.191065
14,75,39.109624,38.2383,3.621832,80.969756
14,76,44.845804,40.0431,3.494033,88.382937
14,77,35.426662,37.2875,3.396959,76.111121
14,78,42.943453,45.2373,3.864514,92.045267
14,79,34.573728,36.8587,3.263783,74.696211
14,80,34.484747,37.3353,3.399751,75.219798
14,81,34.707226,37.161,3.306961,75.175187
14,82,35.746622,37.1959,3.511577,76.454099
14,83,35.826344,38.112,3.49119,77.429534
14,84,34.046825,37.7209,3.179742,74.947467
14,85,37.786842,37.8421,3.226633,78.855575
14,86,35.397126,38.396,3.267653,77.060779
14,87,39.828579,37.8888,3.488225,81.205604
14,88,39.192771,40.0424,3.29342,82.528591
14,89,39.355695,38.4669,3.450065,81.27266
14,90,38.570426,37.2,3.638717,79.409143
14,91,40.478906,37.5081,3.790408,81.777414
14,92,39.366417,38.1761,3.650773,81.19329
14,93,35.752956,37.2806,3.64219,76.675746
14,94,35.214665,37.8231,3.597166,76.634931
14,95,37.288735,37.427,3.794805,78.51054
14,96,38.787183,37.1539,3.959759,79.900842
14,97,35.734512,37.9296,3.275076,76.939188
14,98,42.538087,41.4003,3.719593,87.65798
14,99,35.656605,37.2102,3.483073,76.349878
15,0,297.275489,343.7996,3.298641,644.37373
15,1,38.332706,45.1534,4.220004,87.70611
15,2,38.340687,29.1857,2.915257,70.441644
15,3,42.618365,33.7305,2.683653,79.032518
15,4,42.482866,28.8855,2.621982,73.990348
15,5,38.008432,28.0618,2.848725,68.918957
15,6,37.805896,27.7308,3.017561,68.554257
15,7,38.574037,28.3396,2.785849,69.699486
15,8,39.410843,28.0551,3.235588,70.701531
15,9,38.192819,30.4712,3.153501,71.81752
15,10,38.141301,28.9564,2.939281,70.036982
15,11,38.33191,27.7778,2.91169,69.0214
15,12,38.740016,27.6876,2.802818,69.230434
15,13,38.76759,28.8562,2.654523,70.278313
15,14,38.969478,28.3252,2.969599,70.264277
15,15,42.4312,32.446,2.936904,77.814104
15,16,42.486736,28.1518,2.980168,73.618704
15,17,42.492422,28.7135,2.827667,74.033589
15,18,42.553365,27.7743,2.710341,73.038006
15,19,42.54168,28.748,3.475123,74.764803
15,20,42.811252,32.1184,2.739657,77.669309
15,21,42.057926,30.2968,2.684722,75.039448
15,22,42.033426,45.2011,3.892344,91.12687
15,23,42.998638,30.4409,3.066654,76.506192
15,24,42.59292,29.1971,3.11404,74.90406
15,25,38.415224,28.4376,2.80444,69.657264
15,26,38.883589,43.3202,2.980163,85.183952
15,27,39.064124,28.782,2.802222,70.648346
15,28,38.149931,27.6813,3.274373,69.105604
15,29,42.676272,28.7188,2.601814,73.996886
15,30,42.623439,30.7455,3.069365,76.438304
15,31,38.125782,28.2756,3.238289,69.639671
15,32,42.258498,29.5343,3.726386,75.519184
15,33,42.163925,36.0052,3.440235,81.60936
15,34,38.011839,27.6232,2.835312,68.470351
15,35,41.782948,27.7024,3.305309,72.790657
15,36,44.198274,33.121,3.881276,81.20055
15,37,42.094296,29.6703,3.575423,75.340019
15,38,43.076786,30.5556,3.778778,77.411164
15,39,42.62555,29.1097,3.582418,75.317668
15,40,45.610296,34.1318,3.874391,83.616487
15,41,46.107253,30.3218,3.290826,79.719879
15,42,43.145507,28.0037,3.728335,74.877542
15,43,47.791587,27.6664,3.31618,78.774167
15,44,41.564135,29.647,3.325097,74.536232
15,45,41.4291,27.6738,3.576647,72.679547
15,46,43.794871,28.804,3.363494,75.962365
15,47,41.384674,31.9398,3.798989,77.123463
15,48,45.727721,29.0402,3.439364,78.207285
15,49,47.910253,33.9819,3.436038,85.328191
15,50,45.649389,30.215,3.611476,79.475865
15,51,46.937652,32.702,4.160278,83.79993
15,52,43.330746,29.0398,3.700947,76.071493
15,53,41.846206,35.8845,3.887857,81.618563
15,54,41.272027,28.6368,3.230808,73.139635
15,55,41.271823,28.1034,3.312102,72.687325
15,56,44.962136,30.24,3.239054,78.44119
15,57,42.512532,29.926,3.738312,76.176844
15,58,47.549127,31.249,3.660761,82.458888
15,59,45.938719,29.0832,3.524697,78.546616
15,60,42.335331,31.9249,3.220118,77.480349
15,61,42.602217,29.9617,3.74037,76.304287
15,62,42.224535,31.7567,3.818554,77.799789
15,63,43.318302,32.423,3.42177,79.163072
15,64,42.579976,30.62,3.232328,76.432304
15,65,42.238054,29.9967,3.765221,75.999975
15,66,42.252813,29.2642,3.41427,74.931283
15,67,46.950893,31.279,3.584484,81.814377
15,68,42.191147,28.85,3.587028,74.628175
15,69,43.615947,30.0283,3.376255,77.020502
15,70,42.126389,31.5263,3.709217,77.361906
15,71,50.089693,29.1139,3.363276,82.566869
15,72,42.430422,31.5168,3.643366,77.590588
15,73,46.050717,32.2928,3.752523,82.09604
15,74,43.56541,28.3,3.243222,75.108632
15,75,43.737538,33.7149,3.753779,81.206217
15,76,44.293144,28.415,3.590218,76.298362
15,77,45.74324,27.5088,3.672667,76.924707
15,78,44.52566,32.3367,3.692605,80.554965
15,79,41.526135,29.4655,3.60404,74.595675
15,80,40.924642,27.8007,3.709559,72.434901
15,81,43.037602,29.988,3.943549,76.969151
15,82,43.803816,29.0181,3.351595,76.173511
15,83,41.935594,27.764,2.959305,72.658899
15,84,44.646899,29.8324,3.825504,78.304803
15,85,43.099193,28.8152,3.564218,75.478611
15,86,43.365931,30.5937,3.854122,77.813753
15,87,42.912195,32.0192,3.247149,78.178544
15,88,43.921073,28.2114,3.247304,75.379777
15,89,42.632216,28.988,3.371714,74.99193
15,90,44.757268,28.944,3.543842,77.24511
15,91,41.63606,30.0381,3.452861,75.127021
15,92,40.594868,30.7289,3.424424,74.748192
15,93,42.466959,30.069,3.510645,76.046604
15,94,43.134193,31.8599,3.597003,78.591096
15,95,48.365471,34.167,3.688989,86.22146
15,96,50.947148,29.0333,3.989963,83.970411
15,97,43.946832,28.4494,3.737594,76.133826
15,98,44.151052,28.9082,3.788085,76.847337
15,99,44.441882,29.1877,3.826877,77.456459
16,0,359.462075,282.667,5.273164,647.402239
16,1,44.977766,25.1639,3.24743,73.389096
16,2,49.838807,21.928,3.312252,75.079059
16,3,49.565959,21.8956,3.29082,74.752379
16,4,45.495446,22.0913,3.33445,70.921196
16,5,49.574588,22.9096,3.586509,76.070697
16,6,50.301839,18.8482,2.795034,71.945073
16,7,46.407825,21.7538,3.300121,71.461746
16,8,45.798794,21.7228,3.171141,70.692735
16,9,45.625537,19.554,3.269389,68.448926
16,10,45.648611,22.2916,3.39924,71.339451
16,11,45.801535,19.5916,2.896681,68.289816
16,12,45.487186,20.7887,3.286027,69.561913
16,13,45.576426,19.9649,2.653528,68.194854
16,14,45.401169,19.6673,2.767074,67.835543
16,15,45.791683,21.3835,3.129519,70.304702
16,16,45.730554,22.7296,2.722261,71.182415
16,17,45.429261,32.8655,4.669974,82.964735
16,18,46.416214,20.2975,3.037254,69.750968
16,19,45.979663,22.1391,2.668972,70.787735
16,20,45.022655,22.9772,2.807991,70.807846
16,21,47.048096,18.6902,2.763907,68.502203
16,22,45.762998,21.7309,3.241207,70.735105
16,23,45.601889,23.6477,3.224609,72.474198
16,24,45.366502,20.4814,2.878669,68.726571
16,25,45.953534,19.4842,3.342225,68.779959
16,26,46.37501,19.1019,3.291475,68.768385
16,27,46.167753,19.6059,3.172637,68.94629
16,28,49.832215,26.0312,3.209492,79.072907
16,29,46.171624,24.8536,3.024532,74.049756
16,30,46.015736,28.6456,3.094139,77.755475
16,31,46.342344,20.8803,3.166057,70.388701
16,32,45.687184,21.5649,2.946489,70.198573
16,33,45.236596,21.689,3.281311,70.206907
16,34,45.34217,20.8371,3.302442,69.481712
16,35,45.438891,20.4216,3.470518,69.331009
16,36,45.434928,23.2146,3.146899,71.796427
16,37,49.521977,20.5054,2.841705,72.869082
16,38,49.052112,20.7343,3.539315,73.325727
16,39,50.007028,21.7278,3.225141,74.959969
16,40,50.030749,23.3359,3.981793,77.348442
16,41,53.743247,20.583,4.198387,78.524634
16,42,48.625598,24.983,3.644346,77.252944
16,43,48.341934,20.3479,3.093297,71.783131
16,44,48.90015,23.8195,3.997077,76.716727
16,45,48.792337,23.4334,3.963625,76.189362
16,46,48.952168,23.333,3.747474,76.032642
16,47,50.586929,18.9022,3.734006,73.223135
16,48,49.402923,24.8942,3.831997,78.12912
16,49,49.207869,21.9445,3.691896,74.844265
16,50,49.115629,25.0543,3.861061,78.03099
16,51,48.913706,20.6318,4.087976,73.633482
16,52,48.886336,20.2273,3.833316,72.946952
16,53,53.687675,21.7992,3.114537,78.601412
16,54,51.692269,25.5808,3.964629,81.237698
16,55,49.136704,23.3917,3.121317,75.649721
16,56,48.99689,23.5163,3.932522,76.445712
16,57,50.058953,18.7262,3.686897,72.47205
16,58,48.856558,23.2119,3.910518,75.978976
16,59,49.061538,23.5665,3.998802,76.62684
16,60,48.185084,39.4466,5.958069,93.589753
16,61,49.131685,20.5199,3.256683,72.908268
16,62,50.144267,20.2819,3.950603,74.37677
16,63,49.451404,27.0194,3.797256,80.26806
16,64,50.321765,23.4004,3.158894,76.881059
16,65,55.338176,19.202,3.602815,78.142991
16,66,49.383535,25.0354,3.958812,78.377747
16,67,49.254443,21.8302,3.494866,74.579509
16,68,51.162961,23.5998,3.658782,78.421543
16,69,50.70915,18.5656,3.303743,72.578493
16,70,49.148129,23.4481,3.236785,75.833014
16,71,48.930446,22.2504,3.477217,74.658063
16,72,50.230711,21.7962,3.646828,75.673739
16,73,50.904129,34.821,5.193652,90.918781
16,74,51.161219,20.6971,3.932511,75.79083
16,75,50.840352,19.7069,3.62565,74.172902
16,76,49.971047,25.6843,3.782556,79.437903
16,77,51.512401,23.3363,3.701915,78.550616
16,78,48.485155,21.6906,3.651262,73.827017
16,79,50.633854,23.8346,3.964254,78.432708
16,80,50.638466,23.3135,3.719325,77.671291
16,81,49.339923,23.4735,3.658714,76.472137
16,82,49.957047,18.7934,3.684066,72.434513
16,83,49.315627,25.2348,3.587155,78.137582
16,84,49.813345,19.5489,3.171916,72.534161
16,85,59.821683,19.3118,3.522774,82.656257
16,86,48.658727,27.6547,3.831561,80.144988
16,87,51.442883,23.6445,3.900673,78.988056
16,88,50.430468,23.2822,3.912995,77.625663
16,89,50.77452,19.3711,3.7581,73.90372
16,90,49.226147,27.4223,3.944017,80.592464
16,91,51.600751,26.0303,3.688349,81.3194
16,92,51.281514,24.0189,3.71616,79.016574
16,93,50.892648,25.1078,3.682044,79.682492
16,94,52.022988,18.4085,3.689193,74.120681
16,95,55.286787,25.2663,3.238418,83.791505
16,96,59.974349,24.9487,3.99029,88.913339
16,97,49.672698,21.9522,3.585419,75.210317
16,98,49.136611,36.7126,5.301179,91.15039
16,99,50.991221,19.635,3.770327,74.396548
17,0,423.357219,305.9545,6.001691,735.31341
17,1,56.489256,11.6931,2.857394,71.03975
17,2,57.037806,24.3742,5.001157,86.413163
17,3,56.521126,26.3836,5.634192,88.538918
17,4,56.792457,14.5247,3.432888,74.750045
17,5,56.862271,24.6083,5.752565,87.223136
17,6,56.516441,18.7072,3.90845,79.132091
17,7,56.133519,23.1678,5.357584,84.658903
17,8,56.371035,18.9842,4.001928,79.357163
17,9,56.657699,11.1593,2.992699,70.809698
17,10,57.305655,16.0218,4.152117,77.479572
17,11,52.996182,22.6479,4.927179,80.571261
17,12,52.249541,14.2645,3.444758,69.958799
17,13,54.374871,12.7768,5.862077,73.013748
17,14,53.259623,14.3256,3.733154,71.318377
17,15,53.468825,22.7684,5.35197,81.589195
17,16,52.953793,9.2573,8.264367,70.47546
17,17,52.523075,12.8302,3.111799,68.465074
17,18,52.855886,12.2739,2.686275,67.816061
17,19,57.066547,9.2318,3.050515,69.348862
17,20,52.903776,21.3471,4.947974,79.19885
17,21,52.621889,10.2221,3.157074,66.001063
17,22,52.614093,19.4519,4.184739,76.250732
17,23,52.938571,16.8439,3.739327,73.521798
17,24,52.609982,13.2663,4.570494,70.446776
17,25,52.929701,9.2208,2.768036,64.918537
17,26,52.918645,14.3218,3.248144,70.488589
17,27,52.46254,22.8282,5.302059,80.592799
17,28,57.214229,12.6384,3.997369,73.849998
17,29,52.836961,17.1578,3.675573,73.670334
17,30,52.830536,12.2748,3.621439,68.726775
17,31,52.590112,23.2633,5.171271,81.024683
17,32,53.462325,16.2295,3.648605,73.34043
17,33,53.181513,23.0533,4.59263,80.827443
17,34,56.573718,14.125,4.939817,75.638535
17,35,61.788849,20.5349,4.449966,86.773715
17,36,60.532583,23.9972,5.495063,90.024846
17,37,60.194124,18.8748,4.7176,83.786524
17,38,58.606215,25.0531,6.760398,90.419713
17,39,62.123733,9.6104,5.206555,76.940688
17,40,56.871455,17.3717,4.611346,78.854501
17,41,66.383244,10.0634,3.644696,80.09134
17,42,63.100056,17.94,4.097786,85.137842
17,43,57.786279,9.3335,5.942135,73.061914
17,44,65.292978,23.2272,5.07252,93.592698
17,45,57.704632,20.8935,5.586221,84.184353
17,46,58.028147,14.1673,4.092341,76.287788
17,47,63.343202,10.6557,3.708871,77.707773
17,48,62.825542,23.1648,5.678025,91.668367
17,49,65.152776,12.8485,4.397577,82.398853
17,50,58.170775,23.5793,6.297682,88.047757
17,51,64.182472,14.637,5.447381,84.266853
17,52,57.534504,10.8675,3.644291,72.046295
17,53,62.323657,22.6717,5.053729,90.049086
17,54,57.733965,14.2383,9.347155,81.31942
17,55,55.256862,17.5771,4.087449,76.921411
17,56,55.442045,18.3564,4.653357,78.451802
17,57,60.090515,22.3181,5.120777,87.529392
17,58,56.158501,10.132,3.229933,69.520434
17,59,56.285184,14.2015,4.549413,75.036097
17,60,55.867929,12.3925,3.091374,71.351803
17,61,61.806923,9.6722,3.729547,75.20867
17,62,62.576933,19.6802,4.60597,86.863103
17,63,58.929009,24.8938,6.318223,90.141032
17,64,58.367995,23.7508,6.097978,88.216773
17,65,58.053295,23.6625,4.662534,86.378329
17,66,60.82797,18.9308,6.059862,85.818632
17,67,55.826559,12.8139,3.940034,72.580493
17,68,55.716172,9.2416,5.980443,70.938215
17,69,55.962891,15.9727,4.068848,76.004439
17,70,59.493762,9.1701,3.42136,72.085222
17,71,56.374683,14.4757,3.691776,74.542159
17,72,56.955807,14.0276,6.037929,77.021336
17,73,57.944797,19.5453,5.129773,82.61987
17,74,65.12461,9.1556,3.510859,77.791069
17,75,56.755846,16.3579,4.209383,77.323129
17,76,56.216092,17.125,4.53305,77.874142
17,77,61.622499,23.6919,6.245821,91.56022
17,78,56.674958,11.4849,4.574134,72.733992
17,79,64.132657,9.6394,3.511758,77.283815
17,80,62.672339,22.4386,4.945704,90.056643
17,81,63.510423,19.11,4.660231,87.280654
17,82,65.283348,9.2418,2.997904,77.523052
17,83,65.284126,14.4536,3.865651,83.603377
17,84,56.658681,16.2359,4.342809,77.23739
17,85,57.143471,24.6457,6.172457,87.961628
17,86,57.399228,10.8815,3.804808,72.085536
17,87,57.364173,20.6435,5.322893,83.330566
17,88,57.208156,17.4317,4.492624,79.13248
17,89,58.12598,25.2945,6.364574,89.785054
17,90,58.138628,13.0788,5.1756,76.393028
17,91,55.332472,11.6317,2.761426,69.725598
17,92,52.840183,21.3999,4.210496,78.450579
17,93,52.62576,9.5221,2.68842,64.83628
17,94,52.510076,14.2835,3.810772,70.604348
17,95,53.516436,9.2307,2.977986,65.725122
17,96,52.927738,14.2074,3.452988,70.588126
17,97,53.003608,23.3102,5.102982,81.41679
17,98,53.308586,14.3468,3.72238,71.377766
17,99,52.822314,18.752,3.684763,75.259077
18,0,421.623999,276.0871,2.094171,699.80527
18,1,51.234274,20.9227,2.912845,75.069819
18,2,51.439588,11.4719,2.616229,65.527717
18,3,50.658817,19.1507,2.959734,72.769251
18,4,51.575123,15.0612,2.819611,69.455934
18,5,50.876631,18.245,2.65478,71.776411
18,6,50.582337,9.2306,2.624386,62.437323
18,7,51.189053,10.8823,2.945851,65.017204
18,8,50.747651,12.2703,2.804912,65.822863
18,9,50.263988,16.705,3.523065,70.492053
18,10,50.585504,11.564,2.243873,64.393377
18,11,50.658725,17.4798,2.814393,70.952918
18,12,51.270312,9.5478,2.487036,63.305148
18,13,51.836416,18.2226,3.081064,73.14008
18,14,52.201542,24.3292,3.513859,80.044601
18,15,51.97949,12.4544,2.314092,66.747982
18,16,51.592179,12.1479,2.017729,65.757808
18,17,50.637392,9.1567,2.307513,62.101605
18,18,51.857527,9.1973,2.117618,63.172445
18,19,51.12272,16.0536,2.687462,69.863782
18,20,57.041287,8.9122,2.58705,68.540537
18,21,50.756039,9.2276,2.225761,62.2094
18,22,51.267404,12.3298,2.688431,66.285635
18,23,51.974619,24.503,3.504112,79.981731
18,24,50.060176,12.7946,2.736829,65.591605
18,25,51.414939,10.8552,2.166941,64.43708
18,26,50.646077,9.9912,2.229153,62.86643
18,27,50.987574,9.5658,2.167447,62.720821
18,28,50.501635,9.3919,2.095146,61.988681
18,29,51.36618,11.4762,2.508412,65.350792
18,30,53.678693,9.1304,2.871658,65.680751
18,31,54.268113,10.6223,3.195758,68.086171
18,32,55.403249,23.9111,3.948569,83.262918
18,33,54.210947,13.2612,3.212145,70.684292
18,34,53.729804,11.3325,3.406697,68.469001
18,35,53.929006,12.1573,2.864912,68.951218
18,36,54.082671,19.7209,3.276913,77.080484
18,37,53.194254,9.6259,2.477065,65.297219
18,38,54.142652,10.162,2.7909,67.095552
18,39,53.983005,16.4773,3.758579,74.218884
18,40,53.304716,11.802,3.050065,68.156781
18,41,54.701886,10.0227,3.121328,67.845914
18,42,54.782034,16.3933,3.394621,74.569955
18,43,54.654757,13.2804,2.879818,70.814975
18,44,54.242836,9.1284,2.481348,65.852584
18,45,56.171093,9.5556,3.099266,68.825959
18,46,55.733412,21.457,3.081519,80.271931
18,47,54.59222,12.0429,3.368863,70.003983
18,48,54.11054,15.0784,3.226407,72.415347
18,49,55.644283,12.3602,2.842677,70.84716
18,50,53.853692,23.7658,3.773318,81.39281
18,51,53.13644,13.315,3.2704,69.72184
18,52,54.499481,9.007,3.106965,66.613446
18,53,55.692579,19.3119,3.480693,78.485172
18,54,55.36975,10.1974,3.119219,68.686369
18,55,53.363363,16.2398,2.968905,72.572068
18,56,53.838673,20.4022,3.726175,77.967048
18,57,56.314258,16.4955,3.733583,76.543341
18,58,57.014806,9.2275,2.47371,68.716016
18,59,56.30987,10.3876,2.959407,69.656877
18,60,55.67858,16.7853,3.504283,75.968163
18,61,55.410768,12.395,2.853395,70.659163
18,62,54.545962,11.7654,23.378859,89.690221
18,63,55.322417,9.4973,2.445296,67.265013
18,64,54.45687,9.4404,3.188541,67.085811
18,65,54.17417,22.2744,3.729696,80.178266
18,66,53.501196,16.1411,3.368769,73.011065
18,67,52.801647,24.6574,3.886244,81.345291
18,68,54.148004,22.1718,3.703576,80.02338
18,69,57.486894,19.3801,3.753786,80.62078
18,70,55.885763,19.7827,3.501054,79.169517
18,71,55.533193,9.0492,2.39105,66.973443
18,72,53.819785,9.7531,2.801749,66.374634
18,73,55.178215,20.3466,3.075042,78.599857
18,74,55.336306,19.4081,3.529195,78.273601
18,75,53.613342,9.9787,2.890572,66.482614
18,76,53.832655,12.9319,3.979014,70.743569
18,77,55.980077,12.7348,3.192773,71.90765
18,78,55.76319,8.9462,2.659011,67.368401
18,79,53.342308,13.6288,2.712583,69.683691
18,80,55.768357,9.7495,3.085346,68.603203
18,81,55.797671,18.2328,3.39388,77.424351
18,82,55.376083,13.3896,2.849192,71.614875
18,83,55.335305,10.2001,3.60018,69.135585
18,84,55.866096,14.1768,3.281683,73.324579
18,85,55.122586,10.1229,2.938278,68.183764
18,86,54.627851,11.5034,2.576229,68.70748
18,87,54.826589,22.8104,4.166149,81.803138
18,88,54.494333,10.9816,3.832947,69.30888
18,89,54.672072,11.0081,3.098215,68.778387
18,90,55.715506,23.8074,3.934141,83.457047
18,91,54.918921,11.792,2.803124,69.514045
18,92,53.612768,16.8604,3.271722,73.74489
18,93,54.038819,17.6123,3.243313,74.894432
18,94,52.837665,18.4433,3.3436,74.624565
18,95,55.67782,22.0106,3.708222,81.396642
18,96,54.435686,21.2166,3.792285,79.444571
18,97,54.357131,18.1118,3.309141,75.778072
18,98,53.922117,9.4986,2.992824,66.413541
18,99,53.385067,18.4802,3.047092,74.912359
19,0,421.888665,218.4914,3.66813,644.048195
19,1,51.46755,11.2931,2.379533,65.140183
19,2,51.418162,22.4876,3.333535,77.239297
19,3,51.519994,18.8438,3.004266,73.36806
19,4,51.49568,23.6749,3.81194,78.98252
19,5,50.749095,20.0041,3.042268,73.795463
19,6,51.736047,19.1514,3.227419,74.114866
19,7,51.016129,10.306,2.005592,63.327721
19,8,51.011259,9.102,2.298436,62.411695
19,9,51.156628,9.7282,2.375246,63.260074
19,10,51.695122,18.6749,2.895502,73.265524
19,11,50.890501,22.0608,3.416376,76.367677
19,12,51.186794,13.9054,2.405076,67.49727
19,13,51.82501,9.4216,2.527089,63.773699
19,14,51.309256,13.6344,2.689594,67.63325
19,15,51.514976,23.2094,3.739668,78.464044
19,16,51.652437,20.2026,2.871342,74.726379
19,17,51.032166,16.0123,2.561949,69.606415
19,18,50.593263,17.1992,3.193585,70.986048
19,19,50.834446,18.0115,2.813169,71.659115
19,20,51.063277,16.0114,2.953659,70.028336
19,21,50.921056,13.4124,2.548746,66.882202
19,22,51.011666,12.2251,2.097768,65.334534
19,23,50.723743,9.0951,5.693077,65.51192
19,24,51.927657,9.9893,2.625826,64.542783
19,25,51.756806,15.7051,2.641892,70.103798
19,26,51.222312,15.334,2.838401,69.394713
19,27,50.54282,11.5741,2.547288,64.664208
19,28,50.523097,9.8574,2.346657,62.727154
19,29,52.280487,15.7837,2.722235,70.786422
19,30,51.311218,9.1011,2.310928,62.723246
19,31,50.605875,12.142,2.550882,65.298757
19,32,51.686326,12.0547,2.972882,66.713908
19,33,51.505624,15.0002,2.979332,69.485156
19,34,51.61003,24.1241,3.461776,79.195906
19,35,51.619827,13.1379,3.573312,68.331039
19,36,51.842306,16.1949,2.788863,70.826069
19,37,51.950916,12.3758,2.955168,67.281884
19,38,51.820047,11.56,2.367502,65.747549
19,39,53.052626,23.915,3.941669,80.909295
19,40,55.589766,18.929,3.659688,78.178454
19,41,56.083928,12.7503,3.213013,72.047241
19,42,54.941569,10.521,2.505344,67.967913
19,43,53.211643,11.9997,2.955902,68.167245
19,44,53.743989,13.6731,3.234408,70.651497
19,45,54.001691,24.7869,4.213035,83.001626
19,46,53.754582,14.5177,3.306131,71.578413
19,47,55.682321,12.044,3.246691,70.973012
19,48,53.271383,23.9182,4.320373,81.509956
19,49,53.997117,12.9477,3.548164,70.492981
19,50,54.307743,13.6905,2.806178,70.804421
19,51,53.120922,15.8211,3.418401,72.360423
19,52,55.123975,24.4381,3.92925,83.491325
19,53,55.735005,25.1972,4.143565,85.07577
19,54,53.909191,23.5431,3.827668,81.279959
19,55,53.39603,12.8641,3.976056,70.236186
19,56,54.665091,11.3661,3.239691,69.270882
19,57,54.659591,14.1557,3.310894,72.126185
19,58,56.102168,20.9598,3.871383,80.933351
19,59,54.317557,18.8607,3.367936,76.546193
19,60,53.127459,14.107,3.409759,70.644218
19,61,54.529666,24.3,3.546762,82.376428
19,62,54.034449,18.9309,3.705065,76.670414
19,63,53.924432,11.1972,2.646247,67.767879
19,64,53.977524,9.0887,2.536881,65.603105
19,65,54.956884,16.1993,2.901499,74.057683
19,66,54.952662,12.9957,4.057305,72.005667
19,67,53.393197,11.9628,2.475881,67.831878
19,68,53.365975,9.6931,2.452439,65.511514
19,69,54.230151,9.2333,3.112033,66.575484
19,70,53.694564,13.5292,3.202031,70.425795
19,71,53.722156,17.1173,3.917979,74.757435
19,72,53.931284,13.1353,3.14751,70.214094
19,73,53.984616,22.7336,4.053747,80.771963
19,74,53.996728,19.3318,3.544847,76.873375
19,75,53.715842,19.4954,3.488414,76.699656
19,76,54.497018,20.5539,3.599993,78.650911
19,77,54.25667,18.3925,3.606453,76.255623
19,78,53.669101,11.0725,2.877427,67.619028
19,79,53.433974,22.7467,4.134072,80.314746
19,80,54.658184,14.3451,3.233751,72.237035
19,81,55.683636,24.985,3.771994,84.44063
19,82,55.208604,10.5595,2.901562,68.669666
19,83,55.90117,9.6058,2.600127,68.107097
19,84,55.155475,11.1574,2.919045,69.23192
19,85,54.691369,23.9127,3.595084,82.199153
19,86,54.712775,9.667,2.859905,67.23968
19,87,55.815283,21.6586,3.773781,81.247664
19,88,56.106057,16.4125,3.171349,75.689906
19,89,55.361361,9.634,3.383326,68.378687
19,90,54.510222,13.5579,2.901704,70.969826
19,91,55.041365,9.8366,2.615528,67.493493
19,92,53.710509,22.4453,3.447909,79.603718
19,93,53.493658,18.543,3.626618,75.663276
19,94,53.470048,12.2819,3.2554,69.007348
19,95,53.339975,9.0645,2.614728,65.019203
19,96,53.31242,13.7185,2.958084,69.989004
19,97,55.357176,24.3232,3.738412,83.418788
19,98,53.673361,9.09,2.801171,65.564532
19,99,54.163874,12.3379,2.898254,69.400028
20,0,3131.605654,58.0308,2.391268,3192.027722
20,1,367.114338,7.0711,4.103393,378.288831
20,2,368.821561,6.1064,3.585905,378.513866
20,3,368.801876,2.1289,2.688587,373.619363
20,4,368.556713,6.0403,3.321009,377.918022
20,5,369.006837,3.4245,2.20383,374.635167
20,6,368.951152,6.2291,3.695036,378.875288
20,7,369.804959,5.2338,3.811993,378.850752
20,8,368.923616,2.4321,2.777438,374.133154
20,9,369.669942,6.892,3.491595,380.053537
20,10,369.388593,5.2363,3.077779,377.702672
20,11,368.211735,6.581,3.608893,378.401628
20,12,369.047912,6.6238,4.170031,379.841743
20,13,368.665823,7.1403,3.958047,379.76417
20,14,369.020097,6.4389,4.219636,379.678633
20,15,369.239688,2.1628,2.611261,374.013749
20,16,368.980431,5.5596,3.705988,378.246019
20,17,369.86083,7.5036,4.083167,381.447597
20,18,375.654806,2.1912,3.008356,380.854362
20,19,369.162189,2.6104,2.271252,374.043841
20,20,369.280892,7.0447,3.828575,380.154167
20,21,368.994987,6.2308,3.713669,378.939456
20,22,368.951024,5.9996,3.612891,378.563515
20,23,369.403742,5.3053,3.400794,378.109836
20,24,368.650898,7.3844,4.122572,380.15787
20,25,368.081775,2.3243,2.372947,372.779022
20,26,368.637917,5.104,3.695315,377.437232
20,27,368.753213,4.3256,2.933638,376.012451
20,28,368.857582,6.9569,4.165316,379.979798
20,29,369.802627,5.507,4.008585,379.318212
20,30,370.159161,6.1123,3.925594,380.197055
20,31,368.597084,2.2956,2.477591,373.370275
20,32,369.230244,6.1744,3.81568,379.220324
20,33,368.813768,6.6817,3.559192,379.05466
20,34,369.284541,2.728,3.040477,375.053018
20,35,371.091281,5.5774,3.498597,380.167278
20,36,369.768702,6.2807,3.926674,379.976076
20,37,369.43078,1.9263,2.592208,373.949288
20,38,368.984025,4.9393,3.338558,377.261883
20,39,370.111458,4.4605,3.367122,377.93908
20,40,370.066107,5.5636,3.5856,379.215307
20,41,369.020674,6.6526,3.637514,379.310788
20,42,369.689426,6.312,3.8858,379.887226
20,43,369.037729,1.9807,2.659566,373.677995
20,44,368.42231,6.1855,3.803543,378.411353
20,45,369.455336,6.0231,3.809038,379.287474
20,46,368.757195,5.0125,3.50204,377.271735
20,47,369.370596,7.4048,4.057469,380.832865
20,48,368.656289,5.7374,3.551558,377.945247
20,49,369.206802,7.2663,3.708362,380.181464
20,50,369.363005,6.1755,4.074744,379.613249
20,51,368.836491,4.0505,3.12674,376.013731
20,52,370.112792,2.3809,2.763028,375.25672
20,53,368.709511,6.3917,3.823822,378.925033
20,54,368.773844,2.5981,2.715752,374.087696
20,55,368.600772,7.1255,3.953939,379.680211
20,56,369.188321,6.9299,4.139298,380.257519
20,57,369.519948,6.3277,3.901711,379.749359
20,58,369.827093,6.521,3.785503,380.133596
20,59,368.905232,6.2949,3.847771,379.047903
20,60,369.096878,3.1141,3.064501,375.275479
20,61,368.988787,6.161,4.027337,379.177124
20,62,369.585706,1.9834,2.539978,374.109084
20,63,369.632206,6.3092,3.423587,379.364993
20,64,370.130478,1.9897,2.708361,374.828539
20,65,368.90801,5.4789,3.78754,378.17445
20,66,369.60828,2.0329,2.340128,373.981308
20,67,368.96888,7.5243,3.963801,380.456981
20,68,369.6163,4.6252,3.285605,377.527105
20,69,369.799908,2.0446,2.79796,374.642468
20,70,369.99374,6.116,3.434474,379.544214
20,71,369.16173,6.267,3.651896,379.080626
20,72,368.988936,7.4763,3.763397,380.228633
20,73,370.396976,1.9954,2.634181,375.026557
20,74,369.478949,3.0085,3.451266,375.938715
20,75,369.516838,4.5982,3.049238,377.164276
20,76,369.553171,6.3261,4.05268,379.931951
20,77,369.032121,6.3317,4.012154,379.375975
20,78,369.180045,2.3159,2.752084,374.248029
20,79,369.082732,6.4214,3.895307,379.399439
20,80,369.38284,5.9307,3.662551,378.976091
20,81,368.447128,5.6999,3.281636,377.428664
20,82,369.011492,6.636,4.006074,379.653566
20,83,369.186731,6.9828,4.342136,380.511667
20,84,369.43095,6.3131,3.796979,379.541029
20,85,369.007418,6.047,3.899525,378.953943
20,86,369.264045,6.2144,3.53933,379.017775
20,87,368.937697,3.3748,3.041317,375.353814
20,88,369.032881,5.3527,3.143525,377.529106
20,89,368.584793,7.3605,3.851827,379.79712
20,90,368.643219,2.1016,13.99036,384.735179
20,91,369.068825,4.8578,3.665888,377.592513
20,92,369.358249,3.3586,3.289349,376.006198
20,93,369.18875,5.0523,3.466185,377.707235
20,94,369.158972,6.1429,3.491166,378.793038
20,95,369.773077,6.3106,3.835552,379.919229
20,96,369.029937,6.2325,3.690636,378.953073
20,97,367.938597,2.8166,2.823451,373.578648
20,98,369.931631,7.4214,4.045257,381.398288
20,99,369.221954,2.9864,2.950963,375.159317
21,0,3597.648763,19.6295,3.05454,3620.332803
21,1,421.360981,1.8036,17.216441,440.381022
21,2,421.194539,2.8952,3.707601,427.79734
21,3,419.736388,2.5929,3.993179,426.322467
21,4,420.412252,2.597,3.614638,426.62389
21,5,420.884376,2.9016,4.00192,427.787896
21,6,420.903469,1.4437,2.750553,425.097722
21,7,420.602619,2.5329,3.358483,426.494002
21,8,420.376382,0.9485,2.656647,423.981529
21,9,420.647064,2.9012,3.504436,427.0527
21,10,420.582121,1.2419,3.223349,425.04737
21,11,420.610046,3.1641,4.170453,427.944599
21,12,421.489704,3.0943,4.177865,428.761869
21,13,420.869174,1.5788,2.977559,425.425533
21,14,422.294788,2.6465,4.165669,429.106957
21,15,421.006376,2.7665,3.827634,427.60051
21,16,420.320216,2.5687,3.785307,426.674223
21,17,419.941535,1.0778,2.724697,423.744032
21,18,420.298105,2.8789,4.561911,427.738916
21,19,420.944099,3.248,4.044627,428.236726
21,20,420.184829,0.9141,2.882304,423.981233
21,21,421.823794,1.0577,2.70489,425.586384
21,22,420.484271,1.1179,2.614895,424.217066
21,23,420.970155,2.898,4.107445,427.9756
21,24,421.347466,3.0293,4.137606,428.514372
21,25,420.506789,2.9,3.711819,427.118608
21,26,421.122598,1.2393,2.824787,425.186685
21,27,420.5384,2.6915,3.583675,426.813575
21,28,420.634732,0.8171,2.330663,423.782495
21,29,420.599992,2.6156,3.905832,427.121424
21,30,421.160171,3.0847,3.812024,428.056895
21,31,420.734436,3.0701,4.219934,428.02447
21,32,420.10822,2.2577,3.049281,425.415201
21,33,419.832389,2.9193,3.778537,426.530226
21,34,420.600696,0.9512,2.478949,424.030845
21,35,419.530745,3.0346,3.944789,426.510134
21,36,420.012981,3.0872,3.806912,426.907093
21,37,421.107618,2.8751,4.413324,428.396042
21,38,421.046878,3.1508,3.758886,427.956564
21,39,420.003703,0.8853,2.383073,423.272076
21,40,421.933461,2.914,4.183629,429.03109
21,41,420.56892,3.2619,3.646139,427.476959
21,42,420.343182,2.5394,3.963162,426.845744
21,43,420.405144,2.9398,3.954295,427.299239
21,44,419.937927,1.1447,11.61474,432.697367
21,45,420.781659,3.0982,3.915004,427.794863
21,46,420.779288,2.6475,3.607953,427.034741
21,47,421.382227,3.057,3.957871,428.397098
21,48,420.361275,1.1705,2.82931,424.361085
21,49,420.909361,3.0372,3.812469,427.75903
21,50,420.777678,2.6048,3.808836,427.191314
21,51,420.912436,2.1625,3.249499,426.324435
21,52,420.442682,2.8586,3.560259,426.861541
21,53,420.907029,1.1524,2.269731,424.32916
21,54,421.200933,1.3378,2.81349,425.352223
21,55,420.429219,0.8159,2.178365,423.423484
21,56,420.91801,2.3308,3.588082,426.836892
21,57,421.244599,2.6875,3.654026,427.586125
21,58,420.96701,0.8298,2.217261,424.014071
21,59,420.555626,3.1995,3.70365,427.458776
21,60,420.075779,2.7375,3.903356,426.716635
21,61,420.892697,2.7267,3.975137,427.594534
21,62,420.599181,1.0317,2.495319,424.1262
21,63,420.974196,2.7999,3.862363,427.636459
21,64,420.245926,3.1203,3.782664,427.14889
21,65,420.843419,2.4247,3.700235,426.968354
21,66,422.258979,2.8774,4.111009,429.247388
21,67,420.328462,2.9059,3.816123,427.050485
21,68,420.866438,2.7143,3.655467,427.236205
21,69,420.981307,2.7855,4.032429,427.799236
21,70,421.56119,1.3086,3.017854,425.887644
21,71,421.012881,2.9879,4.043971,428.044752
21,72,420.900587,3.0223,3.691648,427.614535
21,73,420.486702,2.9933,3.684093,427.164095
21,74,420.743866,1.183,2.987789,424.914655
21,75,421.289231,2.6252,3.761567,427.675998
21,76,420.853495,1.4029,3.329773,425.586168
21,77,420.044521,2.2464,3.195709,425.48663
21,78,419.976633,0.9177,2.902926,423.797259
21,79,420.830958,2.6174,3.907661,427.356019
21,80,420.84418,3.1713,3.935848,427.951328
21,81,420.047059,3.0918,3.914516,427.053375
21,82,421.647394,1.0504,3.119001,425.816795
21,83,421.029326,2.8678,3.971054,427.86818
21,84,420.914698,3.0549,3.953712,427.92331
21,85,421.402731,2.9375,4.214202,428.554433
21,86,420.624183,2.9816,3.76394,427.369723
21,87,420.903828,3.204,4.052424,428.160252
21,88,420.823884,3.0134,3.829029,427.666313
21,89,420.445167,0.9051,2.400846,423.751113
21,90,420.383149,0.9994,2.669673,424.052222
21,91,420.251077,2.6604,3.751681,426.663158
21,92,419.54514,1.8459,3.217399,424.608439
21,93,420.695572,2.6466,3.589853,426.932025
21,94,421.50097,2.8123,3.926815,428.240085
21,95,420.74759,3.1235,4.132609,428.003699
21,96,420.277595,1.0344,2.414009,423.726004
21,97,420.674165,1.8433,3.414941,425.932406
21,98,420.758164,3.0078,3.834017,427.599981
21,99,420.712758,2.7361,4.013311,427.462169
22,0,3742.554449,0.0,0.0,3742.554449
22,1,432.239582,0.0,0.0,432.239582
22,2,433.066074,0.0,0.0,433.066074
22,3,433.63516,0.0,0.0,433.63516
22,4,433.640901,0.0,0.0,433.640901
22,5,433.527587,0.0,0.0,433.527587
22,6,434.038508,0.0,0.0,434.038508
22,7,433.151943,0.0,0.0,433.151943
22,8,433.4392,0.0,0.0,433.4392
22,9,433.551107,0.0,0.0,433.551107
22,10,433.605847,0.0,0.0,433.605847
22,11,433.600939,0.0,0.0,433.600939
22,12,433.049094,0.0,0.0,433.049094
22,13,432.986668,0.0,0.0,432.986668
22,14,432.721078,0.0,0.0,432.721078
22,15,435.369847,0.0,0.0,435.369847
22,16,435.355329,0.0,0.0,435.355329
22,17,434.3006,0.0,0.0,434.3006
22,18,433.824734,0.0,0.0,433.824734
22,19,433.109205,0.0,0.0,433.109205
22,20,434.527042,0.0,0.0,434.527042
22,21,434.270341,0.0,0.0,434.270341
22,22,432.42223,0.0,0.0,432.42223
22,23,433.81553,0.0,0.0,433.81553
22,24,433.660273,0.0,0.0,433.660273
22,25,433.290148,0.0,0.0,433.290148
22,26,432.907671,0.0,0.0,432.907671
22,27,434.384747,0.0,0.0,434.384747
22,28,434.288155,0.0,0.0,434.288155
22,29,432.658784,0.0,0.0,432.658784
22,30,433.933752,0.0,0.0,433.933752
22,31,434.774818,0.0,0.0,434.774818
22,32,432.522138,0.0,0.0,432.522138
22,33,433.782125,0.0,0.0,433.782125
22,34,433.268889,0.0,0.0,433.268889
22,35,432.955263,0.0,0.0,432.955263
22,36,432.525731,0.0,0.0,432.525731
22,37,433.494573,0.0,0.0,433.494573
22,38,433.373555,0.0,0.0,433.373555
22,39,433.025225,0.0,0.0,433.025225
22,40,433.146872,0.0,0.0,433.146872
22,41,432.720192,0.0,0.0,432.720192
22,42,433.161503,0.0,0.0,433.161503
22,43,433.154984,0.0,0.0,433.154984
22,44,434.393601,0.0,0.0,434.393601
22,45,434.005679,0.0,0.0,434.005679
22,46,433.625239,0.0,0.0,433.625239
22,47,433.615665,0.0,0.0,433.615665
22,48,433.999383,0.0,0.0,433.999383
22,49,433.248354,0.0,0.0,433.248354
22,50,433.261688,0.0,0.0,433.261688
22,51,433.35276,0.0,0.0,433.35276
22,52,434.073864,0.0,0.0,434.073864
22,53,432.822341,0.0,0.0,432.822341
22,54,432.785859,0.0,0.0,432.785859
22,55,434.527341,0.0,0.0,434.527341
22,56,433.282114,0.0,0.0,433.282114
22,57,432.758434,0.0,0.0,432.758434
22,58,433.562592,0.0,0.0,433.562592
22,59,433.596648,0.0,0.0,433.596648
22,60,433.318391,0.0,0.0,433.318391
22,61,433.684943,0.0,0.0,433.684943
22,62,434.006125,0.0,0.0,434.006125
22,63,432.803711,0.0,0.0,432.803711
22,64,432.926433,0.0,0.0,432.926433
22,65,433.819145,0.0,0.0,433.819145
22,66,433.974626,0.0,0.0,433.974626
22,67,433.337836,0.0,0.0,433.337836
22,68,434.517176,0.0,0.0,434.517176
22,69,434.506435,0.0,0.0,434.506435
22,70,435.639294,0.0,0.0,435.639294
22,71,435.24589,0.0,0.0,435.24589
22,72,433.552741,0.0,0.0,433.552741
22,73,433.58613,0.0,0.0,433.58613
22,74,433.685889,0.0,0.0,433.685889
22,75,434.014367,0.0,0.0,434.014367
22,76,433.337523,0.0,0.0,433.337523
22,77,433.880424,0.0,0.0,433.880424
22,78,432.939379,0.0,0.0,432.939379
22,79,433.178227,0.0,0.0,433.178227
22,80,433.619223,0.0,0.0,433.619223
22,81,433.13271,0.0,0.0,433.13271
22,82,433.399763,0.0,0.0,433.399763
22,83,434.124219,0.0,0.0,434.124219
22,84,433.877814,0.0,0.0,433.877814
22,85,433.352763,0.0,0.0,433.352763
22,86,433.148248,0.0,0.0,433.148248
22,87,432.953397,0.0,0.0,432.953397
22,88,434.775027,0.0,0.0,434.775027
22,89,433.4013,0.0,0.0,433.4013
22,90,433.37969,0.0,0.0,433.37969
22,91,432.904602,0.0,0.0,432.904602
22,92,433.77276,0.0,0.0,433.77276
22,93,432.646142,0.0,0.0,432.646142
22,94,433.007175,0.0,0.0,433.007175
22,95,432.505884,0.0,0.0,432.505884
22,96,434.332495,0.0,0.0,434.332495
22,97,433.403004,0.0,0.0,433.403004
22,98,433.38719,0.0,0.0,433.38719
22,99,433.465949,0.0,0.0,433.465949
